Country,1995,1996,1997,1998,1999,2000,2001,2002,2003,2004,2005,2006,2007,2008,2009,2010,2011,2012,2013,2014,2015,2016,2017,2018,2019,2020
Albania,,,21.6320987654321,14.592005542957924,17.120818907196085,17.18308855513028,17.73143582670646,17.179673961772497,17.51600213030918,16.40429815707439,15.907226442568954,15.359732533993288,16.278470088752346,15.935181408698279,16.059150084455982,15.836012260340219,15.470712792285374,15.703472136392975,15.745000924503614,15.874431390769503,16.01704820219605,15.956199446573011,15.738218268191389,16.63834670825489,16.411970519369945,11.2922071374018
Algeria,18.010245437317185,17.454082039028275,18.25622510951812,17.46640954403798,18.213086704215737,17.85900692127055,18.09938093815782,17.866676896381197,18.53730905444615,17.80447754020242,17.121905757524036,18.247177419354838,17.560600500654264,17.765885963828122,18.106438284847165,17.90116202992547,18.266803564317005,17.903298589653797,17.56204557091654,18.654436590114607,18.234394023439723,18.4816493634903,18.303540848836548,17.944701196508763,18.250796278803477,15.154909348468857
Argentina,16.529016968197077,17.06792732665925,17.320014080901178,16.592376909142192,16.617048202196052,16.91195137944767,17.468594849329616,17.145091601689213,16.653032249236364,17.02690678257048,16.87639742276839,17.07737206292314,16.31651305683564,17.443595531876493,17.262317490235084,17.253561116800366,17.387140865904307,17.64219794971093,17.186205694942256,17.57773795300677,17.728603786197873,16.778244688886144,17.883425072537978,17.572565641391346,17.28301884270785,20.278014983409868
Australia,16.41991878591341,16.26786248656382,16.791554801729532,16.80092206793289,16.97313271604938,16.827011391257777,16.84635890968627,17.01923782043359,16.92194666018538,16.975777372663728,17.08831676338397,17.07060974569039,17.384541161745464,16.752648741312147,17.47652138962947,17.099949010069977,17.002454414860328,16.82414805888573,17.46440406090752,17.534876764458605,17.299456534107073,17.4717694915069,17.505707671957673,17.42411192464846,17.715162397719272,19.701395491666908
Austria,10.113295073106901,8.68043264807262,9.791775473630313,10.591966103114551,10.44726773624623,11.523715307818016,10.40401056778745,11.104327989811862,10.756315781987825,10.321503659759129,10.100370157023383,10.63055591113387,11.658511833646243,11.430196102665514,10.948707779366847,9.542151675485009,10.652414021164022,11.016771721666048,10.736310590544463,11.80025941413337,11.847103103487512,11.184137381727297,11.255806593844229,11.970234895033284,12.145300946770172,7.959083692231635
Bahamas,25.029468552654038,24.44329536247408,25.126938772357292,25.540217122803742,25.313151419468625,25.203696494046884,25.24651477941502,26.09797661886789,26.468477271434264,25.681213328176458,26.16123757982665,25.953410233069732,26.537335295035728,26.406403413649894,26.282470908789506,25.673874239062414,26.57145346191045,25.88980382867109,25.638772970358996,25.88071098278685,26.30659206633669,26.288573895549238,26.883506855549868,26.138217052958225,26.173792243520953,24.382299056564907
Bahrain,26.228077885873585,26.7439246625194,25.944591298287534,27.78275172574008,27.882391761961653,26.973795129018526,27.346479774705582,27.1634763086376,27.167977328326796,27.07673598236724,26.731264578710817,27.185060377197473,27.189407322068615,26.95548912371771,27.402760256349893,28.251036155202826,27.1311849291688,27.574883100564417,27.297114837571826,27.73944532943936,28.052882673379987,27.829812102610585,28.0666958240883,28.394115415979215,28.273480002166718,23.15429185324625
Bangladesh,26.266857082344412,25.94906532211886,25.128296497740944,25.725720164609054,25.812747721738955,25.65944657837019,25.8114432934584,25.495686855801452,25.902251429997495,25.756604410548558,26.125154065881873,26.29553241033062,25.695611363609032,25.679953302869972,26.386970940109716,27.03064954098429,,,,,,,,,,
Barbados,27.358215992490187,27.1798396604014,27.09525089605735,27.507338463361105,26.957297178130514,26.78629066589764,27.043702787101832,27.34910530837487,27.39492548908335,27.388519098342773,27.80678585651704,27.58511798088411,27.2645541759117,26.820487208499355,27.280031433122833,27.79594747397167,27.429483486943166,27.016417418530878,27.086330502929968,27.02363987344573,27.456229376457873,27.539746323075022,27.17955600552375,26.235297832394604,,
Belarus,6.812491821698811,5.328983678710227,6.05489275758093,6.839611700580936,8.197173152415088,8.292265583158242,7.359787648631735,8.140519817199925,6.918909299084031,7.029150530768068,7.22744708994709,7.225679510155317,8.094440177504694,8.280045214847773,7.185491166453811,7.103908516811742,7.969245320589407,7.228086248094591,7.9102161204983785,8.15624861719545,8.949137722592024,7.994804412309975,8.249539445129066,8.706586252276347,8.680679173376936,4.860017650952023
Belgium,10.91870021903624,8.976536686853706,10.606912797974626,10.62636794927715,11.114757211128179,11.276741303780605,10.83737661432554,11.339067525962689,11.246747169596633,10.892740218898915,11.139156994936565,11.093145872446948,11.185681928087844,10.574725003089855,10.673678376718792,9.319898873527906,11.350124096831086,10.37478817341628,9.865021761392729,11.695636421965574,11.014203220117198,10.851894766475782,11.151765801900211,11.571882012794498,11.341495435954814,8.635930362637817
Belize,27.15826556018127,26.829034146307972,27.70640752119247,27.69063209213181,26.821840637647554,26.897095538252383,27.19490574804195,27.437518918275316,27.470940006827107,27.451112377705584,27.65043049498463,27.280163352676794,27.686802376205467,27.368929158861132,27.544860826648463,27.134388413204125,27.454941827388065,27.27427405622159,27.087843844228257,27.129276737908757,27.57450823519372,27.390816957112843,27.365266399271775,27.215391828499758,27.686185275755477,27.352060519919252
Benin,27.594275765449755,27.44994852152445,27.168224320379494,28.103703370418703,27.393636570518293,27.65849803721966,27.525523963035553,27.445629462460662,27.676830266010374,27.38503000590505,27.55518362064061,27.690038473573424,27.358669710417022,27.345547981180164,27.5283254051631,28.102066621152645,27.5014514706719,27.344763900904983,27.56674596063037,27.588513872295238,27.54566763383968,27.8883267073154,27.874540592820164,27.910311629378082,28.02963650823078,28.817476968711674
Bermuda,21.85232164982016,21.763542310386025,22.436584077677267,22.55976591884597,22.52975550435228,21.984161585575194,21.686859484932963,22.315529929960316,22.4658385247767,21.837483692442905,21.767176210388573,21.850804330404348,21.56537200603061,22.00456075778888,22.223252602342797,21.241983777870875,,,,,,,,,,
Bolivia,7.555629515844569,6.788923048929537,7.246343588211868,8.331705653853206,6.868240100699778,6.841175208393413,7.124171423514316,7.630070726884316,7.654283872635282,7.716105515044151,7.601212166467543,7.043360641747739,7.147282314957046,6.817244187152883,7.305735698885496,7.8745761506514205,7.250971084371623,7.394284630384927,7.776604675879334,7.947397680365124,7.857990911418331,8.286651148738654,7.9163800705467375,7.486850107747041,7.8489646908283355,8.857930685883968
Brazil,22.129961739773567,21.867586126789252,22.056517723121974,22.63358838459702,21.916971502130554,22.32236801750459,22.71350520672006,22.772912534967578,22.15788058405087,21.95119130996031,21.93578765337278,21.652868924351903,21.815781276668375,21.31654694712722,21.940450094297734,22.461327065672947,21.761852728945026,22.326444563461006,22.280693875519145,22.96467671873387,22.631769025810243,22.37547915608106,22.325745173617037,22.039977260826774,23.10562748146212,22.77379199760618
Bulgaria,9.654774705581156,,9.281116658132786,10.22226568179376,10.463793949479433,10.94045389939439,10.344998079877113,10.314940005733016,10.008515745007681,10.281292313819195,9.4496010411333,10.169899940262844,11.945417662285942,11.874580638294951,11.416521149307579,11.543920677590032,10.750283395915117,11.735604375231738,11.892193989304204,11.698130448249925,11.78990548728452,11.877537284225271,11.430419724640155,11.567314016739047,11.741124110018818,6.592129590016131
Burundi,26.31097547967757,26.41708807260278,25.945547438672442,28.277777777777782,25.222222222222225,,,,27.38888888888889,23.036013645224173,23.685852859662386,17.206810771668227,12.247996407931199,,,,,,,,,,,,,
Canada,5.476906468680663,4.511338404125297,5.4971176821983265,7.197774162731601,6.896840082209707,5.60184970301557,6.719064829037947,5.836916687454322,5.62972341772484,5.644695391999342,6.4188902151685125,7.024230386300279,5.962491989790377,5.612313773820291,5.379868552554517,6.736681154415589,6.180836304747566,6.835838060507853,5.494331568084554,4.42859495388254,5.00223232444792,5.142815612198388,4.3896057347670245,3.5800648790437104,2.9911061047628453,-2.6405753306142636
Central African Republic,25.73927669021016,25.587411435154348,25.84672594108869,26.22328964076209,25.876750427207373,25.799091808848946,25.565027975430272,25.64084068559875,25.753599962798088,25.74355748499705,25.847081488942138,25.84603876520461,26.22101254480287,25.930791757645668,26.198469354856545,26.68673565250626,26.253297988849067,26.174329845232702,25.99084848096945,25.999181703950892,26.15173557774364,26.28363528062731,26.32705275359845,25.842257084700336,26.493160325479224,27.3920747015519
China,15.37291816009558,15.017056880759142,15.628793728646587,16.39670455191961,15.89800869033396,15.608291900271992,15.666620228139045,16.004942316743392,15.857717758947466,16.05805013114709,15.616164874551972,16.142279825908858,16.488641093905432,15.730341665219491,15.826021800539785,15.312226844740287,15.471423877794846,15.292608179184006,15.918989802013996,16.257933759567575,16.409172427035333,16.407214481854556,16.62078796154065,16.37854312679539,16.62708819889803,12.548684186132741
Colombia,12.991497411389885,12.826669378870898,13.46219384707288,14.076712275574437,13.375584421157745,12.968187389280272,13.243045046240985,13.790360087083299,13.475790659031297,13.109172400060425,13.343175029868577,13.246548045741596,13.058864567332309,12.895842382188322,13.609282825518457,13.857728139045344,13.777859205211357,13.528084531509634,13.802604255561244,13.813443072702333,14.15343417534278,14.352786189044068,13.949378804687946,13.883052735724172,14.264950438650127,14.515426605693571
Congo,25.722751438762288,25.099633601543132,25.96092076840555,26.166265593708125,25.758473510526446,25.00298231799738,25.274344970043895,25.71402365306935,25.781645047505265,25.74345071341271,25.77664241622575,25.54429154577004,25.43396732946464,25.326923948420056,25.51579836895002,26.03989335811319,25.495749416851567,25.390067152803528,25.513489574443877,25.8828089738484,25.654198313136487,25.95744706051992,25.727291702224502,25.85943800071148,25.899067476120944,27.33618094178717
Costa Rica,22.721914516478748,22.921815038683594,22.93411837667956,23.18426080827283,21.941628264208912,22.348080552847165,22.937569693349264,23.38491080228427,23.05651019749555,22.959686860572106,22.333785984525232,22.576531120213915,22.461319480002278,22.031003265435043,22.704189239758858,22.475623684360244,22.304013767992263,22.43340113843914,22.58511691414917,22.798397606088766,23.218885119758777,22.961713289114105,22.716132943619503,22.702871680424412,23.065741049998508,23.89435672431223
Croatia,,11.177610176664682,11.109758711913885,11.24823745961121,11.947339219748379,13.228940249110808,12.25445788530466,12.731137418435807,12.396859532343404,11.672076999134843,11.172274847812483,12.293311571940604,13.10626585879274,12.862329714772244,12.874581263622327,11.743147650338512,12.563528332479946,13.044037613809584,12.36747276270126,13.390757334395326,13.08035109802583,12.674824503710767,13.052686394151449,13.49361045526667,13.577158507493138,9.542236641535862
Cuba,24.332136812311546,23.94126087075107,25.03068849127344,24.72414653596677,24.25886594709773,23.994892089996423,24.019103873988936,24.696749915189386,24.58468614941548,24.550512209878068,24.404569181316493,24.407402784889346,24.479747681629405,24.191141060614086,24.17813528111776,23.55641889969847,24.065454144620812,23.910283717161732,24.389481993514252,24.091385127660516,24.848268333617796,24.405001441931365,24.338230002275704,24.380349944099276,24.862302269848467,24.192217484447742
Cyprus,18.88686841107021,19.824877189587397,18.90048106459904,20.180417397577646,18.898106060606064,22.1992174432497,19.928535515161858,19.67140500680263,18.51531862745098,22.707446876600102,19.070466732093077,19.023596176821986,19.40327885873585,20.020926887213502,20.835678760579885,32.27777777777778,,,,,,,,,,
Czech Republic,8.175956150082493,6.368758668754034,7.878574628776242,8.635342429816744,8.764959179609717,9.479278416347382,8.263347343118848,9.08048862477626,8.87973488081015,8.525874943352697,8.46263974227684,9.02037570404506,9.880555199977243,9.386998070558509,9.109746364763515,7.726254124708426,9.200178500312909,9.018763131874923,8.276691841611196,9.902497898137085,10.12074692780338,9.467450974333621,9.268713375433807,10.40688178364403,10.159241568897619,6.142514981825327
Denmark,7.885732775786539,6.334942460072234,8.34406575354156,8.054619041297656,8.644255987938784,9.048423660033782,8.099821855265404,8.919270402536531,8.333638775103829,8.349144625715816,8.346964072367298,8.961645900893213,9.193368820048928,9.100379021958554,8.575106501835275,6.832151746600672,8.700386158047449,8.182432812864775,8.220232050406782,9.88110093366963,9.04057575240371,8.920305998434474,8.81966525857655,9.579547056443712,9.563447268798894,6.074071158520547
Dominican Republic,26.002263374485597,25.77959898402717,26.330799371926087,26.3859419934336,26.00881239069504,25.97753944444712,26.25372552340583,26.477735840286826,26.528216877485097,26.14270080556335,26.530503333226523,26.70481607276348,26.722080764011995,26.169144814540164,26.323789133232495,26.73879217158787,26.368340729362234,26.412210183239722,27.010760990946604,27.079972940191244,27.28726253184988,26.731836580240156,26.720792073987756,26.470694062016985,27.23825203586976,26.678076823683057
Egypt,21.509170364681115,21.83450215603071,21.4916307532571,22.491274977401023,22.320068484383,21.784340453727737,22.591332778631166,22.525358942630447,22.372304569254883,22.35466138645134,22.204094484269216,22.249119943676394,22.648120413039766,23.008589447808948,23.364938445715698,24.149032471411505,22.118206320760084,22.579813132561558,22.519585253456224,22.809362139917695,22.558149499345735,23.83312093046752,23.29947338851909,24.20759959135469,23.216319703975742,18.26227245213897
Equador,19.79533458845025,19.128039283805965,20.585209961552682,20.35045921105256,18.819128119392165,18.49364142443808,18.855380362160698,19.466585488808615,19.598882644198042,20.264211606860847,20.156811813733857,20.011056994407966,19.775361623143883,19.477292315290555,20.027070238242377,19.97528574668285,19.807353181714742,19.943365442054958,23.238955952345375,24.70752983013864,26.950421360300396,26.539833353932355,25.98608870967742,25.546476180776125,25.96981999980265,28.039069272917992
Ethiopia,16.841138950304487,16.473049527827214,17.182557629088624,16.84292595596359,16.9275155965872,17.098987270873845,17.56794909107538,18.65941638528955,17.861111111111114,17.250440917107582,17.850202618044502,17.9100155140726,17.13196574033827,17.545274596599523,17.538946553062782,16.80082623635491,17.187145108321417,16.963565634772326,17.230765796341746,17.532891006069026,17.855634258466218,17.284836031804886,16.926531218304486,16.75202663834683,17.40960853202611,18.459392534915338
Finland,5.659797249246174,4.421949113555528,5.544879316720714,4.998038906588788,6.166947217955283,6.934389204740522,5.479462863401036,5.818888784950613,5.152198540706606,5.3605537359755004,5.8706779456107405,6.121016456164306,6.347834883654777,6.990059599829714,5.525471178048115,4.426216788985606,6.66992020822666,5.2410042365316745,6.420383171189623,6.668485884331165,7.126866430562668,6.04891374503907,5.951180519997725,6.517980251970695,6.567353841510054,3.0101730000728892
France,13.506539107479703,12.370189013169641,13.79299795186892,12.978353917659923,13.320545137110997,13.189152298850574,12.848068676395288,13.238518280554572,13.502142714911534,12.723181192408575,12.768872907683942,13.232585196563692,12.85010098424077,12.53028588709396,12.87057177483114,11.856508683222394,13.679572737099619,12.623688099946444,12.289814697293169,13.010889862383292,13.097593268191387,12.7701067910873,13.087221226602948,13.428575068975663,13.412295199409108,10.908544172220479
Gabon,26.488684595791508,26.147103701617052,26.79238677242138,26.939567352448638,26.5190074386983,26.287723665971146,26.282453277009733,26.521083988691515,26.617753087712767,26.48955179438587,26.4548806066117,26.48952430733345,26.802934869824004,26.63327760154172,26.632725147282986,26.755030366387896,26.30833084428515,25.741332962550985,26.46399840700916,26.586834317890176,26.660974213460776,27.21595617215287,26.875597371565117,26.800629874965043,26.98332081179973,28.184734193421626
Gambia,25.548857532540794,25.57609791057279,26.518855959507608,26.460651604230947,25.81992072320215,26.1314056212341,26.56528210855747,26.23778657035339,26.27750188964475,26.293406123446445,26.549313895297473,26.22113906329632,26.3338776773501,,,26.609758728262317,25.967440405074814,26.10591294854365,26.056851282926555,25.99839548896732,25.754817019400353,26.024822333456928,26.32958387855341,25.465537991202567,25.960118532643563,26.233712577127484
Georgia,13.879397792569835,13.067718246611463,12.98507353359504,14.375376636450413,13.913276227456334,13.96405900245815,13.985757212599538,13.546285328072962,13.180783125675601,13.680086927862234,13.644498847926267,9.612967862041938,,,,,,,,,,,,,,
Germany,10.163833346291,8.411232146918644,9.754182440271013,9.862746085262375,10.501770606787932,11.112883955577752,10.010180670616814,10.629037611838124,10.300044941787354,10.301706732874269,10.281233458554768,10.35283086361016,10.521058732238851,10.40819434399216,10.038815270418171,8.739893455503536,10.33150465235394,9.157054992515691,8.558085139671162,10.007130293375814,9.863175598793879,9.491674391298973,9.291192325197702,10.371304365628985,9.960876374181096,6.69691173161696
Greece,18.26576847584912,18.055688762548236,17.69333006201286,18.507286510781135,19.208718424645845,18.760059874483307,18.918565454855777,18.493345898923856,18.20959279171645,18.11516259492715,17.8719669169938,17.77776560909775,18.690606663194263,18.789390855114345,18.66277873661309,19.477091511634523,18.964258334755648,19.57236472420456,,,,,,,,
Guatemala,20.277926587301586,18.80994170700273,19.737578582807078,19.875015990248965,18.786319480002277,18.799652048229174,19.028950715510756,19.535899353484222,19.586727604887702,19.311902179481898,19.3949891904193,19.192814252755856,19.42383405871309,19.025121524783184,19.535480413275184,19.222462237583205,19.166857612220515,19.092163103036295,19.351301416623997,19.33301750077437,19.70614693133464,19.709462502918196,19.351580545599365,19.38079478074251,19.842597100671657,20.290372145055123
Guinea,27.137138464493603,27.12083310990482,27.775243851631352,28.728703703703705,27.39269106407995,27.502856898003962,27.416086989007265,27.650842949917024,27.52251185990433,27.741515435531937,27.819490214841533,27.71646617976143,27.702143903316507,27.94755150734365,27.563005152806582,28.29521729031511,28.228124175198786,27.301236969983655,27.17476547634851,27.05754985671148,27.04595408871479,27.2861291092443,27.442886653132348,27.19575481633916,27.499716179366345,28.837614839533636
Guinea-Bissau,28.601904658402983,28.464058709608242,28.468534172874453,29.686574074074073,,,,,,,,28.022701234025714,28.815763645726978,28.58358751591136,28.088432900388312,28.15105936811304,27.804145854877195,27.520221746809934,27.79478479419618,27.631455061331675,27.51998451480583,27.739592517062857,27.729579493087556,27.23972238761382,27.772757648230655,29.178215151140627
Guyana,,28.535185185185185,26.709235209235207,27.72222222222222,28.576356359721515,28.2789519998346,28.605172327078705,28.499472808371504,28.561900278822126,28.735207422150147,28.889829745871413,28.448654792371492,,,,28.695030663780663,28.36465645950136,,,,,,,,,
Haiti,30.130164269356772,30.03108391608392,30.937412973348085,,29.31111111111111,29.387684542110378,30.139524040068707,30.0789069360445,30.506881537972628,30.207082138570943,29.886468255695988,29.949885771954737,30.197119341563784,29.964735817166375,29.729707788477953,29.44789697770968,29.27184602036753,29.356219097918665,29.680821976280356,30.17844443723634,30.25569300334554,29.507068898216215,29.426472963405462,29.513675698276543,28.566190250676485,27.859342666561798
Honduras,22.574089032068425,21.421466949363687,22.256994053749708,22.69124826951888,21.6627651383621,21.740867905354374,22.294001855710082,22.37743603240885,22.094970332507412,22.210481173477095,22.47501122707345,22.09620631291284,22.041611196449907,21.66994151159093,21.86710710814161,21.593007908061676,21.69329983785629,21.674414129554098,22.017983017579795,22.22515985220585,22.82496088638562,22.64175095098807,21.875653552938502,20.999058507645724,21.4971252106495,23.750739255443023
Hong Kong,23.36166332423053,23.844696782433157,23.988666652443538,24.485072032264387,24.14955552710929,23.993160953871932,24.17000305797349,24.40102989155409,24.282685114069523,24.062394430025133,23.899116387893272,24.356077900096718,24.527501849007226,23.77665650448372,24.39348983928841,24.103302611367127,23.701766157478527,24.20573665526854,24.12196016100586,24.446047944599318,25.07548145303522,24.523822766036336,24.75957750184901,24.467803964145062,25.147221072382777,22.27780706007625
Hungary,10.121052369573876,9.201982827284088,10.170700347044432,10.716483188257383,10.279263739545998,11.72214531921614,10.748244509870853,11.618961869969935,10.84206598111168,9.256342953075434,9.007456832792855,9.956712251806339,11.806132303578542,11.454470330545599,11.34641108678465,10.006873684360244,10.789975180633784,11.376564838847004,11.226178742106162,11.988641090313733,11.918629814530354,11.23290487372801,11.186608565170394,12.107506692774017,12.187455492766693,7.197562882468333
Iceland,3.8023521505376348,5.066860812425329,5.161726617170166,4.578194831629719,4.370849334357399,4.517712066905616,5.270278631165728,5.524925711484851,6.201319551117938,5.70418898227111,5.185728864425101,5.529585537918872,5.645009102804802,5.4396117428143755,5.662475465096432,5.985711085509473,5.49410735620413,5.673591713701096,5.029529000967173,6.044635271472189,4.577476602947033,6.044794456117223,5.507420919383285,5.151073653047554,5.763172959885099,2.130898022177221
India,26.64842768968553,26.57417368391222,26.418927966945443,26.898492754636845,26.88469827191351,26.773648034711673,26.559407169379103,27.062802117972268,26.733843852727443,26.773069957703346,26.61031888263071,26.942818295926497,26.733808494829017,26.61426305626145,27.428744986674758,27.25019160766519,26.812802272485538,27.031896165492522,26.76462412293574,27.042836519315017,27.438112216959663,27.884659986280592,27.62059079276366,27.51726914546772,27.458058912734128,25.901720321053894
Indonesia,27.912495654729955,27.711376391056238,28.1468440682707,28.3863181425891,27.981598917957815,28.53264790764791,28.49043082338537,29.456851851851855,29.042536324090623,29.322927717624683,29.140974560419004,29.136435758055434,28.4162313879276,28.386487247038996,28.650949478502202,28.48826797558722,28.64309431359163,28.698830319010153,28.437571814557817,28.579021195628126,28.52166503100643,28.65331967912613,28.593635577351282,28.642822375199916,28.90622574710682,28.523028879825326
Ireland,9.95774414006941,8.986218397670937,10.028539070944985,9.871168209086369,9.862969718950902,9.398808518381193,9.349813321385902,9.985276541459337,9.956539796324742,9.922840879440805,10.10138746657564,10.240649001536099,10.235189807703248,9.52262802290611,9.593968594832981,8.45589264379587,10.060248833703136,9.433313935923318,9.520200759515276,10.103638988450816,9.53226233145588,9.857117132891142,10.090006471525289,9.89842063966168,9.881148258282058,7.28111237874308
Israel,20.27378925584571,22.013884311329,20.193715901265957,21.340293938991667,21.649395369365376,20.986997898900015,21.32695764187213,21.36128943253449,20.951446241899628,20.97576563312994,21.499423424861646,21.628484645017007,21.58031866683146,,,,,,,,,,,,,
Italy,13.391641420606476,13.213108271879593,14.171489019741708,13.97296907495907,14.256820169824202,14.454452069282068,14.156607356204132,14.133391169513482,14.575108095807023,13.764939782199702,13.40875824941685,13.970998677248678,14.284736445354726,14.343470110822727,14.452541103626801,13.723508526767937,14.556144215452013,14.44139939438883,14.21935857228196,15.009078941546086,14.735863984183878,14.947234323383034,14.897040343915345,15.450221920375744,15.204297212952666,10.94780660055966
Ivory Coast,26.99343815781988,26.94173177428183,26.84693187277566,27.299006237633776,26.928685332157556,26.609182332796735,26.651136625830475,26.7754133536577,27.213448031458785,27.03590853240298,27.000633284974683,25.952182065578125,25.14500021334699,26.479185892418187,25.929924465357356,26.994366572793993,26.004187556892532,26.587709766681773,26.844765887239006,26.84357770255321,27.021666453319682,27.40941941663577,27.370611808044604,27.454418732181576,27.535483024936585,28.658929516493476
Japan,13.00102619901007,12.429877275619459,13.239914376742334,13.48954813108039,13.560095342398212,13.226316162906201,12.653209212797028,13.227392367356524,12.836152832299787,13.958479700810686,12.992979343270562,13.399849708899888,14.065359916367981,13.716420433558303,13.773858977804721,14.06740378050862,13.617310856042934,13.382466915685924,13.864363941514478,13.568204898446835,14.254883512544803,14.186032222721495,13.630568237848705,14.295699854443434,14.289343585904923,9.133724989357173
Jordan,17.339411589008364,17.971602535052664,16.94391854412016,18.468879390997074,18.225986018660752,17.67820864060204,18.362363457927973,17.777853762127958,17.64203113443705,17.89942975047721,17.939528218694885,17.89107462877624,18.11040493258235,18.447311656298492,18.30880997993067,20.05368805825795,17.616382915173237,18.663736284486195,18.227567888482795,18.51962365591398,18.391583105763214,18.870894615416308,18.685182696136998,19.14268812463257,18.42558493177365,13.050152432744202
Kazakhstan,9.176151006997783,8.143534826075614,9.952244410308927,9.158303346228974,9.822757367582637,9.967501956906851,9.919514493372022,10.183097666968635,8.85234610570632,10.045537050769717,9.492309552255788,10.131279512999944,9.790090388007055,10.028876563808897,9.425377427986808,9.423477769243897,9.105228067929682,8.776584751232507,10.635545030437504,9.836728395061728,11.75198448256244,11.426656663880893,11.116455097570691,10.353027156700993,11.67561167235265,7.354560004943764
Kenya,20.567286500018295,20.136559706247503,19.366560467277314,18.738995778640387,19.581610416332637,19.683641975308642,19.36406596148411,18.915343333440163,19.277206326000186,19.790124485232013,20.218613264571612,20.445660904437748,,,,18.732772435897438,19.406231203394718,19.772002156030705,19.539917630896962,19.652275269504806,19.94486527401827,19.97342684370153,20.427489074596973,19.377061398773023,20.216672043832364,20.432269473203846
Kuwait,26.077505760368666,26.842263351597797,26.093387123476628,27.079572223486498,27.313511264720944,26.788419574561587,27.03170976275815,26.95640626299229,27.07579009501053,26.853104958870627,26.617165898617515,27.011728395061727,26.915226930079083,26.85103201087628,26.835913973590095,27.909965082209705,26.512474042783182,27.204197001175128,26.7731552597144,27.14803863002788,27.511118774436813,27.282015511061676,27.498975750539987,27.980232216343328,27.559249030592706,21.689164788986815
Kyrgyzstan,,,-1.670250896057348,12.346310003128185,11.407692004931995,12.329146582622668,11.82271185355863,12.180618520269059,11.714389898731298,12.329507065463686,11.999007225351313,12.270412684189566,12.138350543323662,12.098303155769784,11.86218228464706,12.215785188029813,11.287151888831998,11.277820349084719,12.641239972691587,10.92554150626134,12.561778531603801,12.638543205462469,12.057099121010411,11.404445835150733,12.878801780648999,8.482353849956741
Laos,27.796911606174216,27.102405107183568,27.52862583205325,28.356304900641717,27.065746601652236,27.089605391450036,27.42560610707523,27.1870144441381,27.06502673948911,26.77812006481825,27.165531660692952,27.077933165500372,26.95674247596291,26.099311306115165,27.163386959447397,27.75749061273255,26.619006727541674,27.807609621115372,27.466812809353133,27.21695926810921,27.545143511406952,27.53452567324462,26.906572865107815,26.85450505460702,27.651106743628528,28.02997677064418
Latvia,7.1912648631734655,5.5053504236531685,7.464826904477442,6.3050371956465145,8.226601169141492,8.660716983204933,7.699385205097571,8.232912547428677,7.517934658929282,7.288339753361073,7.212751393866985,7.51292100472208,7.746442438982761,8.085580343042338,6.972468662515474,5.866165301245947,7.392688954315299,6.356321839080461,7.257648845081641,7.785963980707112,8.209139073789611,7.664043724852031,7.254423394208341,8.001555655117484,8.492522310699917,4.884054710995757
Lebanon,20.59987768106048,20.730411534077646,20.3079645986232,21.26933788947678,21.369111267565568,20.77440400170285,21.58979988052569,21.282642663489437,21.127338638561756,20.945184807536496,20.876244879672303,20.828874381293737,21.21684445582295,21.380416340515524,21.473144200002746,22.552433222392903,21.07667655174376,21.573049959488596,21.58770339079479,21.732856542324882,21.5956683449963,21.88806269654898,21.62974271579435,22.34625564699587,21.694250091605692,16.820683950828556
Macedonia,12.237690927595347,12.895437084218601,12.698594754508733,12.898200220616589,12.530685341639645,12.297690506598554,12.392048557774364,12.143277463774774,12.475412115264268,12.24055260302943,11.622403922739943,11.83703739261535,13.14393561187916,13.28622543566926,12.516194103089264,12.857176992660863,12.0267796694544,12.760684539749242,13.05282791431985,13.142072658082219,12.86610343061956,12.722846372512668,12.662057660579167,13.218714876764459,13.717678378244647,7.827554896386931
Madagascar,19.037455908289243,18.764240617146626,19.340861193653907,18.593612667315618,18.304510329873235,18.46291854302607,19.02220124310178,18.82584515494462,18.831247510951812,18.537041843474917,18.65466980997895,18.58729483131365,18.660247595309702,18.44033665664181,18.83445720602747,19.241611196449906,19.267927547363033,12.475652645600738,18.009894322125508,19.06583145271915,19.02780124594641,18.709110946318955,19.0208521789839,18.921706831212507,19.57012725970699,20.552047986208162
Malawi,20.4717482034762,20.74665657508795,20.28812324371535,21.512387779395787,20.583699228084257,19.144413559936307,20.537997507750596,22.367829218106998,21.704444444444444,,,21.05555555555556,,,,22.43150490376696,22.03240988610159,21.961045226316827,21.025692254788076,,,,,,,
Malaysia,27.527192860990187,27.53276445707851,27.760615434943393,28.260683059473383,27.358713090971154,27.64804910119612,27.763163153552938,28.176142828696594,27.861755063435172,27.830577356184516,28.397088524776695,27.589795613585938,27.378836689992607,27.176210192394844,27.726635353704783,28.57009586391307,28.37261620299255,28.323686469190733,27.958626685441203,28.0256421744325,28.18737128065085,28.58855106496931,27.920590828924162,27.781414546929472,28.329549826139914,28.85265423119706
Mauritania,25.567593579628944,25.465681718827962,26.23636182331724,26.046744767467587,24.905435310822856,25.316818069459895,25.970779539144853,25.46467399165536,25.24639656938044,25.343800038451505,25.831442525901906,25.684290905729082,25.467159326549393,25.903255436615293,25.07509123649048,26.062890424987202,25.10490911418331,25.485764704266742,25.86006784434204,25.334233262533743,25.980228423507995,25.917797020695147,25.85820734008458,21.250000000000004,,
Mexico,21.340905551602344,20.694384404467623,20.316404809242645,21.646565778024,20.62385175606491,20.583561711478442,20.53809302629886,20.828887904870268,20.587414499322936,20.32442979150489,20.877860623601048,20.864333289655722,20.342157526113645,20.40905575198192,21.12436903241501,20.281399719615518,21.07228628707421,20.891534415284926,20.39810476731148,19.962111247149988,19.975042244418223,20.347899365738662,20.47710649727197,19.90959961627234,20.93768279106658,20.441175390683334
Mongolia,-0.10770324856346362,-0.9230213074466356,0.6799766127560899,0.30610646488782695,-0.5265887239005517,-1.140967673272085,-1.543166140410764,-1.1613512905851613,-1.4719135802469134,-0.3118483843502385,-1.297050122318939,-0.6590135546452748,0.7299880525686971,-0.15534493058130394,-1.0674700039040053,-2.07281461569096,-2.3804883512544803,-3.2407481220560572,-1.7887971496842463,-1.0214976326386118,-0.21401618592478813,-1.5088677062305165,-0.5775054047903515,-0.7819998615288135,-0.5982064016848043,-5.973867513444821
Morocco,18.188694743130227,17.487407991046293,18.081844882516926,17.57882801388178,17.063908090117767,17.403293268240432,17.722366587017124,17.39399745515337,17.64554033680378,17.43199645696865,17.165877993969392,17.789330872731412,17.18612462308699,17.219270897705268,16.530208854439483,18.025236103999546,17.59205922512374,16.991480760515802,17.157265887239006,17.477143347050756,17.564491949707005,17.865635514082864,17.872411745462824,16.897900665642602,16.85899425532583,14.952409736681151
Mozambique,23.57183053568132,23.40813892804623,23.32949743603011,24.01824423578317,23.829768265662832,23.60536183145479,23.81806697451344,23.813885825444967,24.026262391291127,23.71321579865469,23.834538156335725,23.39402157883109,23.92903714215743,23.743989034455296,23.63011330332634,24.11227463546012,25.499380596255598,23.221717146337095,23.360523829250912,23.772987002781633,23.983391660437917,23.801481069501094,23.600633873518095,23.792047050313048,24.050005599336647,24.999781523630244
Myanmar (Burma),,27.397767066287646,27.642819702231908,28.40382176968348,27.273952526330962,27.175516962911086,27.34066286909029,27.74229943194997,27.620219960744155,27.632356939809664,27.9938943647949,27.87088983685459,27.576985549297376,27.403917075213887,27.914929531735243,28.477126358309153,27.535788601581615,27.920574472321785,27.57889571599249,27.303902116402117,27.66746778460488,28.03251301416624,28.032119744552542,27.750328238291203,27.892535736846543,28.474310392363787
Namibia,20.748359695970212,20.223209601889618,19.782514792057803,21.89933894040824,20.44238346349952,19.86851463541143,21.521124906595347,22.699120657891623,23.31522581579568,21.248317361481227,21.642765253687113,18.270918659867032,20.28282703409323,19.53536845923912,20.02571099722796,20.89140942131997,18.872299846276004,20.441070210613532,21.45634355388017,19.840606431381932,20.971468148307654,21.632263407999876,20.59675913392131,21.1591297398441,22.226094816087812,22.1170345017731
Nepal,18.301911959973435,17.46327277804279,16.082096065189834,19.007565178702144,19.42359428952171,18.437446171955386,18.93683073182054,19.27303404387459,19.494571287811464,19.769251953964137,20.267252194738756,19.074508653521146,18.245916055363534,20.27199981956785,20.92246915474988,21.08498653955721,19.449691823954893,19.576323732228442,18.4463072110045,18.053286096729945,18.049805143084715,18.613927855367418,18.626066734937705,18.17854491823279,18.30710307188055,14.940110886106439
New Zealand,15.401943774976312,15.276970296213902,14.86372141150367,16.30979602447643,15.710422000341355,15.500222984385942,15.48338328595559,15.229494129769899,15.18488369156009,14.763743837460003,15.853795087330035,15.044522316094897,15.414316294020596,15.510867981374565,14.96039692593966,15.737218381976447,15.643707330602494,15.141120106016288,15.823841881435968,15.41714179830966,15.451241679467486,16.06671473104547,15.870348680093306,15.92077608522501,15.89117004773959,18.023242475811998
Nicaragua,26.27210520960521,26.673558850375123,27.72349163679809,28.34032961319401,27.273310291858678,27.452206986870504,27.812961303597504,27.85947623937057,27.731826147218253,27.5089526903904,27.539969969572308,27.66560607465085,27.6264571599249,27.326228792818984,27.73390299431271,27.457550460240952,27.33069873100231,27.35365220615499,27.733769627922854,28.078617416699856,28.387175381523267,28.16101395240253,27.49898304602606,27.376079526220376,27.866472580852243,28.4014617813283
Nigeria,29.663407950829164,29.87132409271128,29.953865399446343,29.504849346543793,28.487044471397965,29.388026549941156,28.562954013690355,28.71472977453846,29.259004802864407,29.21278745846385,29.513077167359075,29.053946923160115,28.770617101585035,28.60948532882402,28.661078931273824,28.868888454226212,28.503898111774237,28.332803283794032,28.529940827229492,28.7672637031649,28.737538285294022,29.035814828547498,28.94116970337046,28.918585036739913,28.98220013470578,30.101729969038093
North Korea,10.55954194401775,10.38873920268062,10.803243585367241,11.933722306035165,11.28883735455621,10.666840973607753,10.511393084712978,10.875251765898525,11.074742205723389,11.3014747463911,10.300340282366866,11.087770529702153,12.64815978525656,11.33159511940565,11.202647271000481,10.519200873300337,10.658503497310248,10.341721940702291,10.751174830744723,11.724798663657685,11.626649527792003,11.615899537110606,11.182664846105707,11.04729005866252,11.77761114233661,6.439147406583447
Norway,4.382173081299426,3.425837693459125,5.811340459122717,5.045431727383639,5.4625398247710075,6.431518559716558,4.612632630710588,5.223369618732522,5.38420805598225,5.592873254233099,5.998686849291688,6.142230258292087,5.77828341013825,6.1746789373063935,5.058057380040139,2.764000184900723,5.752130269670592,4.875024718823384,5.030844996301986,6.751948095048454,6.117805584001821,5.825518236998586,5.433632730272515,5.9406979923258305,5.59399014478604,3.1835913915113028
Oman,32.120370370370374,,,,,,28.491711683635582,28.628665208395258,28.196629789244785,28.82830378709159,28.430250469363372,28.699411639207657,27.722993955718586,28.1292563830258,28.850397558588288,28.701731446621604,28.278620247382108,27.58159584941105,27.80378368430139,28.102605843921555,29.261371546392454,28.504007819765302,28.27826767169509,28.723312417154343,26.58518810436052,
Pakistan,23.74271971183934,23.65499586739445,23.38503833805112,24.376558951783196,24.52571661390211,25.56130389920713,24.705543318757076,24.738797312364085,24.238109639016898,24.585721103008833,23.906413032656314,24.72652505699062,24.554600294418844,24.183147504569494,24.732947361070966,24.755481773055703,24.28986619588098,24.247354828410167,24.41797661717017,24.07069145758662,24.40184438470729,24.971895409105286,24.694180038821923,24.923459974169116,25.12027259636621,21.654071315581753
Panama,26.553139756499974,26.349143424106348,27.69059210900609,27.904389653777347,27.132803166069294,27.36800457298233,26.86204533386433,27.874389140981652,27.84125397512031,27.680087906881568,27.16740662513512,26.913963805560954,27.163456347626,26.925976746272443,27.34780727115961,27.320609098292636,26.742779982363317,27.185702735549786,27.417641294560095,27.53153513429798,28.00479916146732,27.2275362542743,26.82308714807556,26.601842527798325,27.01354286895732,27.819275928619646
Peru,19.326876742333734,18.386226808937227,22.185508050293,20.862964266750108,19.342094071798375,18.728594357241928,18.46460020354883,18.999396497774324,18.775731203885172,19.2225080336176,19.073516171701655,19.689003385105536,18.591216148944643,19.72079723600395,19.88577777483506,19.284925613017013,19.45410372930534,20.274112182260126,19.001546054503045,19.765893402362938,20.874684634362055,,,,,
Philippines,26.97953006770211,27.418496202914074,27.657471055925356,28.417736048687363,27.45283182568129,27.727799578406735,27.956204920571707,27.821359902371213,27.798266800952657,27.80959673986185,27.87349341468965,27.97906461569096,28.088486729817376,27.745381086765033,27.59430309593454,28.488058613529045,27.68024015759231,28.007590910339335,28.20796804405444,28.085862759414137,28.3338105194288,28.698905162114286,28.382624665756385,28.370095595526376,28.612594894451277,29.113949814450372
Poland,8.255362120953519,6.855254294895563,7.885685128292656,8.1922758908422,9.055435014507596,9.63845064474931,8.325277351083804,9.26066576295071,8.293049510724241,8.441926042653703,8.59837820731638,8.983155188598738,9.689262246117085,9.856859816806054,8.765142363747296,7.9213147863685505,9.019898517949594,8.65107303725676,8.843423934687376,9.717753551042081,10.476979148887752,9.921179911836196,9.496928514536041,10.564163118785283,10.98277136292704,6.492336150645383
Portugal,17.961221340388008,17.120156312226204,18.21349455254025,17.542867099049896,17.32701470671901,16.8101045056922,16.76670578028105,16.850274725274726,17.22408438584514,17.005713653030117,17.03905209933436,17.479600472208002,16.895946407236732,16.85177855367418,17.780906940496298,17.285909853786197,17.372870122691683,16.105096884054987,16.29497776286801,16.50309416345856,16.67678322523753,16.77260948378857,17.104994452978325,16.23322966250087,16.614939099652826,13.968709677419355
Qatar,26.98933193946635,27.536740582814925,27.032556750298685,28.268549374814313,28.50787748193662,27.89945395432511,28.268555854241338,28.18290406825353,28.166972464015476,28.152709972671968,27.925168544120158,28.179761193605277,28.262577871650453,28.08326329666708,28.427586035238054,29.09915514592934,28.46803919895318,28.749941636111455,28.442881322182398,28.8133628700385,29.004731153368528,28.888330998777793,29.03160131137282,29.309346749234948,29.07603290050325,24.01062174178971
Romania,10.534749246173979,10.203135514082863,10.14225017067759,10.849837500711159,11.75200403936963,12.106993023798735,11.602574742561302,11.672160953343749,10.955586135290437,11.040405835015585,10.746547690163283,11.297645004835866,12.594450844854071,12.030559503700959,12.048072017605294,11.496644051885987,11.051981282357628,12.034247929798541,11.95518468737555,11.70729235806894,12.435180207088811,12.060934131202023,11.829043992148831,12.390580730500085,13.055047007725394,8.601512791991102
Russia,9.267308638997017,8.943221803326843,8.496933137054105,8.911812710575491,9.63066062894692,9.422607853032863,9.140436721283496,8.679846970035143,8.008798693284357,5.219216138645135,5.518274947374409,4.879283296353189,6.511656212664278,6.78210992323432,5.783052634908864,6.286633100073961,6.231323960289014,5.296935552534366,6.244179538601582,6.425731227045445,6.9502225920236675,6.163658008212143,5.748655202821869,5.998169786655193,7.342579181432022,3.749002310259263
Saudi Arabia,25.810463603003925,26.44341028783697,25.726758334755647,26.93413642670662,27.147887509245038,26.595820458946154,26.759713003417286,26.506222100778555,26.58665752422363,26.384888988450815,26.415021583603576,26.8656872262047,27.068082223929,26.875911678270782,27.199425391577552,27.386969654946807,26.393315838880355,26.81379407467398,26.509059068669284,26.92854178432224,27.54128936064774,27.05532750724399,27.408324069905223,27.695939355614716,27.5575683658569,22.648233377598398
Senegal,24.32929965295557,24.286133083398564,24.869181316493144,25.008340444899584,23.83376749445298,24.201609813372883,24.942833319110203,24.427411778285435,24.378965409341756,24.533922808607645,25.163960004551402,24.590247909199523,24.58574415429254,25.086964940468835,24.21415839272717,25.468407578084996,24.735603700859077,24.629477883519414,24.74970344768732,24.434312912075757,24.748098011606075,24.87828726019308,25.13660785401377,23.855558788457227,24.637858937914558,23.099104101106327
Serbia-Montenegro,9.767344116920034,9.600782591081998,9.417998307447233,9.90544734122243,9.19323597470699,11.064771041898405,11.295101237096459,11.731236905442143,11.604651675485009,6.459286406598625,,,,,,,,,,,,,,,,
Sierra Leone,28.38572452924305,27.397078578208678,28.029841269841274,,,,,27.712121212121215,27.346892275163967,27.74361133513412,27.85805802829834,27.780132437772934,27.59851923414524,27.74923040346613,27.24532368780054,27.96188970130388,27.528850560335695,,,,,,,,,
Singapore,27.637761705638052,27.57383752866697,28.30711405529954,28.38859577383323,27.557576662684188,27.53777654183661,27.612400438072484,28.114374800329102,27.813369388974227,27.91394673780195,28.069770509757067,27.79979980941003,27.589443946634805,27.534100303492224,27.988285411185856,28.159562211981566,27.641207970643453,27.6168661338387,27.729182667690736,27.975085180760214,28.31153993855607,28.494887666680402,27.766544703305456,27.95044222089473,28.520507802069364,28.406639412579345
Slovakia,10.325111651590147,9.060378644309864,10.015260354440462,10.878148408905579,10.74826193320817,11.765602040676198,10.56938435170962,11.386404052936312,11.173051786425441,10.52667658852772,10.316184146896513,10.943627325482167,11.920507268020708,11.715431583789945,11.200067657969958,9.984516342379246,11.043911788132219,11.558575715129294,11.15680932468567,12.1315583654144,11.944612277407977,11.309361052747223,11.460967101894523,12.218229472859102,12.304171790536529,7.80945469641799
South Africa,16.32608273596177,15.890391072384956,16.54617895545315,16.663327667785556,17.31935661660124,17.02121784836375,16.771622006030608,16.56783868013707,16.780313051146386,17.055245025336795,16.74491878591341,16.933006556864083,16.994588453661034,16.968118554223487,17.3845944469948,17.11449728338169,16.95727619901007,17.017560320795397,17.075004266939754,17.433368180007964,17.210842906972868,17.431800766283526,17.054692566990955,17.155446803086672,17.280697575713386,19.109072061708325
South Korea,10.9069035529385,10.86513203971491,11.376875675598795,12.522371209535189,12.002197473971668,11.27369299221357,11.301034377311261,11.753755946363475,11.697251735222165,12.670146184374957,11.207109788359789,12.156041275530525,12.213354099106787,12.127144701245555,12.028665595517653,11.656976446492576,11.410786112533424,11.476420645710597,11.647591312510668,12.460193482012478,12.787804019457246,13.00554731594776,12.226046466973886,12.20749599953963,12.767968399360276,7.679722451980515
Spain,15.800977840359563,15.040313539964387,15.984211137660958,15.25168471687538,15.133401841421557,14.812065704005823,14.742345702717566,15.297921243597768,16.33580643718364,15.64463521425269,15.701828857787639,15.963772140676264,14.704953087367961,14.965337400495294,15.629492703369543,14.837863045457132,16.078463569816616,15.599882814466921,15.306341028048017,16.32211436346741,16.084321129885648,15.877283401310097,15.926920596992282,15.714644650837903,15.830313644789948,12.841000055987081
Sri Lanka,27.693620986379145,27.273137727565267,27.4110363016613,28.13355970874286,27.19839401946894,27.377951558596724,27.252586795439967,27.153573418678164,27.433432539682542,27.241806053365195,27.32358337600273,27.309359532343404,27.457354426238837,27.231209231107268,27.518701248987217,27.53895644876828,27.48627823291802,27.51418585808649,27.40034802911147,27.414174299747774,27.54856061899073,27.98656978261168,27.594057930818682,27.025553674941374,27.708923087893293,28.499721406184143
Suriname,26.596581426339494,26.308523837479623,26.104198272411125,26.487083004833966,26.226444006273788,26.469264867602295,26.403719264609222,26.494880952380953,27.659260136031527,27.29367173087839,26.741893211551627,26.49918717458374,26.367541764595845,26.250812118708833,26.603053068330848,26.954341852230968,26.649119020985328,26.34386921682528,26.171748947488197,26.372192353643968,26.407591241395007,26.79956135446349,26.426702153382262,26.226359988221418,26.571873008897686,26.223304526396852
Sweden,6.935087756727541,6.2537608659827795,7.349454542868521,6.572327196841833,8.304993386243387,8.461766503247778,7.557904150310065,8.166574708644601,7.736582963531888,7.2183825649899065,7.518722620469933,8.026331285202254,7.8963386101154915,8.262424813578873,7.298545231032718,5.5154523667292485,8.045861779598338,6.781864108268447,7.270035415599931,8.31437840169919,8.041021292029358,7.6902710830964445,7.434453049439608,8.232348736985834,8.056090301741849,4.722002383148101
Switzerland,9.869227234386024,9.00472712209977,10.102228558730818,9.975859183572744,9.956884615979773,10.569461550586714,10.06479183621053,10.519783091758898,10.713592731795359,10.034693624520616,9.782019914652961,10.515572789251106,10.669662295423946,10.209380252782116,10.605261189845141,9.520314188996986,10.652579365079365,10.029338954576874,9.371613590677212,10.803939702346712,10.689777360565891,10.199779590491493,10.392136385617569,11.284978320617755,10.77230081274939,7.960942706204108
Syria,16.640800477897255,17.377789965530976,16.40515793317286,17.860405485704174,17.65839129259828,17.250118101045057,18.180506841326736,17.711533620202975,17.61991771917847,17.398594460237025,17.170466020936452,17.112308343289527,17.59708888035501,17.733510656559414,17.53709319388778,19.226769002105026,16.8617842208568,18.274503048654886,17.771885489560223,17.939841364662154,17.87989986914718,18.501956410362045,17.967129848447055,18.687531290891506,17.85231608999221,12.411045918609878
Taiwan,22.746844598054277,22.97845222400747,22.821808329066396,23.59787314306379,21.83177625315861,23.35383184626807,23.08971703077886,23.90876642771804,23.48538395346191,23.02867538005191,23.093037776639928,23.515353515958356,23.347161418330774,23.402332152322884,23.467645806726267,23.17258775672754,22.641977442111852,22.923837700325464,23.174862035614723,23.278553254568788,23.611393795869603,23.70757391614826,23.87388632872504,24.07527518627944,24.190522848890172,21.175687547734267
Tajikistan,13.093068019818446,15.377177028218696,18.819385111962777,18.23366351241351,16.98911179237172,15.991779157056934,16.88138448675332,15.878877007102815,15.114490527393754,16.189643156319093,15.398842592592594,16.26379466063606,15.788576691130457,15.866990071272609,15.526260770344477,16.095772173863573,15.884411802355352,14.721123092874114,16.070432952153382,15.039367339262801,16.13890026739489,16.953001792114694,16.488803550093873,16.377345394549696,16.29492531847283,11.299163584736444
Tanzania,25.736278390952823,25.524894750833415,25.794885057942853,26.08530274216417,25.547025081400083,25.7470964082638,25.5528918380582,25.736579871796422,26.312422532459635,25.837573127745312,26.389732801934116,26.175925828950025,26.361549539170507,25.97412629721005,26.418819868780474,26.767798878421534,26.35362818622691,26.29587521800629,26.466908079818257,26.488941079883432,26.88690638176152,26.784426111317103,26.574721937759573,26.426369971032766,26.756413170936767,27.431431346637133
Thailand,,29.065161564976176,29.996549468054848,28.783151356254702,27.614701385333106,27.93813204658125,28.14135411332992,29.305887310121182,29.167644862604543,29.278021532841706,29.482268376287195,29.528166424873415,29.017797050122322,28.409124758225612,28.461314538689866,28.98168024975821,28.216644625715816,,,,,,,,,
The Netherlands,10.474542015133414,8.563816105686703,10.246217002332594,10.53237777588136,11.081993158673265,11.009465077795632,10.600215836035728,10.934624328777554,10.6599337913182,10.697561934385257,10.925215124879102,11.311853558627753,11.433847143994994,10.826878287260193,10.697161491898699,9.18978779086306,11.016909882232463,10.362110678531701,9.910763711099733,11.804858622062923,10.9856552597144,10.986935758524561,11.133430406212666,11.467769820452844,11.327089863168014,8.562532094856902
Togo,27.512155832929405,27.36935920159641,27.223858971979443,27.749522929391507,27.279254199270166,27.34182402846196,27.23460665927064,27.280660982770016,27.477747174258397,27.222365385407656,27.378703703703707,27.487090903200524,27.190878349547706,27.34943736475763,27.399449503465544,27.780832195482734,27.31990456278091,27.23646404097832,27.516598040052344,27.468144055046682,27.615684559367356,27.884594679959903,27.774545215338225,27.733493568364878,27.958169229173794,28.929427632475466
Tunisia,19.249379871422885,18.70404942391409,19.456085722819594,19.11273029622044,19.759507808499745,19.489572433018854,19.678936963076747,19.39964808687927,19.854596560846563,19.125620717120533,18.963306807191216,19.672225778005348,19.529319920919384,19.65668815831033,19.53789742620156,19.492276839051033,19.47520054616829,20.042344202749284,19.55209506741765,20.107641377937078,19.604548557774365,19.797632142710007,19.41978971098595,19.509030029773758,19.57873937733633,16.108604495656778
Turkey,12.396917847186664,12.270488986390916,11.496237270296412,12.996515372045542,13.261526604369346,12.344422043010752,13.688836085509474,12.757464231556973,12.610572949164194,12.488194186956703,12.623005739033966,12.61064814814815,13.72351937190647,13.212065789835071,13.377580560558174,14.379341788985606,12.310391065028163,13.464973341435615,13.62759252147693,14.252190362405416,13.617030245491266,13.847601673327018,13.44135891363714,14.779151812042626,14.140723633473037,8.430085438394674
Turkmenistan,17.42255433236616,16.326630755709363,17.167618905387723,18.224470700365128,17.92338638561757,17.87316891882613,17.88491174546282,17.453401927125046,16.747751678329635,17.640864163199165,17.89429367923992,17.8551917989418,17.361126400978552,17.407095332262184,17.336176365862126,18.453359148318828,17.047594868293796,17.423510347574123,18.389345451442228,17.593692751891677,18.271784860897764,18.195113054285283,17.97464548842237,18.40505448576891,18.402876059078423,12.663468082611576
US,13.379535324927852,12.699013719969814,12.94677511400513,14.367527389328524,13.87969492281375,13.381301566025533,13.758948048534597,13.748909366766355,13.373446533068028,13.5409531438823,13.823775406902849,14.236796854802307,13.891142865795485,13.306820858540506,13.225979441426752,13.674220026157203,13.874127470341087,14.788584886905475,13.264239740406408,13.095137769926103,14.113402712750286,14.59945962376449,14.383132279893887,13.85895127963571,13.714189911916412,9.245328549613571
Uganda,22.099192984601643,21.852030817508552,22.678349321446333,23.255293549043547,22.53655819253375,22.221712426280305,22.09207304080311,22.542600045824134,22.504270883437552,22.581812169312173,22.484678677932294,22.436684303350972,22.41746636229163,22.317804763436484,22.657851792299557,22.73479754779454,22.398077246115577,22.583434532123075,22.692013321566993,22.587827646329483,22.904392274975333,23.230895096060095,22.715698782499857,22.33371202423622,22.784267042473434,23.2853332005841
Ukraine,8.493294859759914,7.317676705255497,7.570016214371054,8.113611142718073,9.36371323320248,9.437456227083592,8.975774805143084,9.592375033369658,8.273572353075041,8.637514247655146,8.520490911418332,8.25556871195312,9.715989289981225,9.543149281094221,9.324523941946078,9.335147849462366,9.028373015873017,8.641211256677517,9.132414874551971,8.984955086508252,10.08931842749047,9.213427127535397,9.435402799112477,9.220734956666856,10.213964271491154,5.958056118067242
United Arab Emirates,27.073046986118225,27.669752399785768,27.0848927220231,28.63125655844443,28.47425328554361,27.93512287315124,28.015526682596576,28.336639637244478,28.520532336291748,28.39861119694036,28.209859475450873,28.121019061695048,28.377583987597433,27.97015532870745,28.42817007261645,29.14929239915799,28.776512452352506,28.8498215609937,28.505192154520113,28.588944754192667,29.519811401263013,29.11153004366992,29.637415727939924,29.562946304018578,29.271213039201132,25.387865774072672
United Kingdom,11.850724659857285,10.969328352648011,11.456930923724839,10.91679552429627,11.113162158249821,10.770969163042702,10.54726641885773,11.04260362179783,10.970780186033911,10.783633067358345,10.716004413717814,10.76543702731401,10.964247218561516,10.39710813991289,10.546473338014506,10.071206627144369,11.398516815823024,10.649577431300248,10.617089624154891,11.814742664153862,11.125038077013201,11.204350781659626,11.422207287933096,11.131595481160806,11.079296219104469,8.474716525801066
Uruguay,15.377127425044092,15.673190547796592,16.088931558286397,15.535379963083072,15.419495647721455,15.810151368461527,16.644393004115226,16.17611288655041,15.874725223793632,16.617556029333006,16.601183009045915,16.639728764863175,16.03763689765034,16.73123669646658,16.41216457929936,16.65363258804119,16.30460189452125,17.14278210357187,16.487024591796096,17.19201734590026,17.15185576321329,16.497388730963074,17.648172327473404,17.004697549174438,16.8018042997238,19.720613312037116
Uzbekistan,15.000721112817887,13.952793570359384,15.340040251464984,15.141948510342687,15.654381791545772,15.95726973729384,16.236013327075156,16.087483342523665,15.590640112078285,16.61466135211964,16.074741494566762,16.389710630369233,16.21810995903738,15.928068567269532,16.0642473363506,16.74995946407237,15.742695710303238,14.924678483637512,16.212028147579222,14.772603876277712,16.212599561927522,16.722772387701013,15.885342350799341,15.831522570530934,16.627383004108687,11.98237202463009
Venezuela,25.817590459122716,26.884258229308287,26.754224981509932,27.041767848450945,26.11642156092142,26.765167916340516,27.910179693475694,27.713528137241983,27.84131034041351,27.489620325739164,27.924051672640385,27.355806238265917,27.626147095636345,27.63213412708222,28.22582419374457,28.106062671535884,26.93069308230599,27.471637210068803,27.166972108437164,27.018831585468387,27.48388956816608,27.681795142209126,28.218786624566196,26.65759600941408,26.524965644092607,26.809780208462076
Vietnam,23.51380212778062,23.49279102981365,24.3586689992604,24.988002076577345,24.367793849917504,23.518876254823606,23.48423330204244,23.969972697056033,24.42303471866644,23.12587236847526,23.474403339591515,24.335376130739036,24.37504018034932,23.455842911877397,24.641355633733742,24.542053180292427,23.090977555896913,24.01525563383183,24.052240143369175,24.140809880968188,25.05068148422802,24.7942696960958,24.52730663651363,24.55702484465179,25.1262226676079,22.280993379792044
Yugoslavia,11.669598409853789,10.964228601051923,11.201232078853048,11.99862181796919,12.043775246060193,13.653055349565362,12.09863173465324,12.990601189929146,11.917638817773229,11.886815940894548,11.05439139216021,11.792594726062468,13.030832551061046,13.356508603523807,13.011038131727787,12.377582565284179,12.291897792569836,13.127496601161786,12.959066180235537,13.327817602548786,13.302937432440123,12.799723286504898,13.040620555271092,13.66805816312985,13.807507234996883,8.856206135972544
Zambia,22.76711053780946,22.55219925380507,22.72162152131705,23.77357767861508,22.045028605561836,22.73922223462982,22.554206096350658,21.636571229447572,20.695401741369174,20.6815383253854,21.462676065969077,19.946608138476417,19.96746420146958,19.589886996478683,19.13996669579957,19.042427959833873,20.79782398264317,20.979779683677535,21.464158034482406,22.522222222222222,,,,,,
