country,year,methane,nitrous_oxide,total_co2
Asia,1990,2738.66,758.12,19768.44
Asia,1991,2763.91,770.57,21525.960000000006
Asia,1992,2763.0,790.43,21740.801
Asia,1993,2811.78,788.66,22643.216
Asia,1994,2828.77,813.52,23518.34
Asia,1995,2901.2,867.02,24511.761000000002
Asia,1996,2892.37,896.77,25441.347
Asia,1997,3114.58,892.59,25691.972999999998
Asia,1998,2963.73,909.81,24766.797
Asia,1999,2952.22,918.17,26251.937
Asia,2000,2985.48,914.89,27319.042000000005
Asia,2001,2969.62,918.93,27728.399
Asia,2002,3085.51,947.89,29210.0
Asia,2003,3082.83,971.65,32027.125999999997
Asia,2004,3263.33,1018.84,33906.678
Asia,2005,3270.8,1031.96,36220.831999999995
Asia,2006,3447.3,1065.48,38641.23999999999
Asia,2007,3387.65,1088.04,40763.575000000004
Asia,2008,3432.91,1098.17,42941.87
Asia,2009,3540.18,1143.03,44600.60399999999
Asia,2010,3541.13,1164.94,47906.191999999995
Asia,2011,3688.21,1176.03,51571.412000000004
Asia,2012,3702.91,1200.38,53776.251
Asia,2013,3741.63,1217.92,54451.478
Asia,2014,3858.14,1243.24,55419.311
Asia,2015,3878.78,1266.21,56029.777999999984
Asia,2016,3773.08,1274.05,56380.617000000006
Asia,2017,3806.88,1294.55,57950.642
Asia,2018,3919.71,1298.16,59939.15
Asia,2019,3998.1,1308.97,61270.687
Asia,2020,3891.22,1332.37,60174.096000000005
Australia,1990,146.25,78.77,799.6440000000002
Australia,1991,146.66,77.78,803.0049999999999
Australia,1992,144.88,76.89,815.594
Australia,1993,143.46,76.61,825.2009999999999
Australia,1994,144.34,76.4,843.4150000000001
Australia,1995,143.46,76.19,871.7579999999999
Australia,1996,139.43,71.89,891.9019999999998
Australia,1997,142.61,71.8,916.312
Australia,1998,145.14,75.57,963.847
Australia,1999,161.77,93.12,984.5329999999999
Australia,2000,168.15,99.53,990.9179999999999
Australia,2001,177.94,109.89,1015.1730000000001
Australia,2002,172.55,103.81,1043.257
Australia,2003,134.52,65.23,1073.663
Australia,2004,151.88,85.45,1110.2279999999998
Australia,2005,133.37,62.61,1116.403
Australia,2006,154.45,84.77,1140.9180000000001
Australia,2007,150.36,77.99,1166.677
Australia,2008,133.42,61.66,1171.3029999999999
Australia,2009,138.83,66.92,1209.3790000000001
Australia,2010,129.67,54.45,1206.007
Australia,2011,178.12,107.79,1202.553
Australia,2012,177.6,107.45,1214.858
Australia,2013,142.24,64.52,1179.2
Australia,2014,155.18,76.54,1166.107
Australia,2015,151.88,72.58,1184.487
Australia,2016,135.53,58.32,1191.8700000000001
Australia,2017,158.05,80.09,1204.49
Australia,2018,157.3,77.81,1195.5900000000001
Australia,2019,153.87,72.2,1193.82
Australia,2020,136.75,55.06,1146.8449999999998
Austria,1990,11.85,4.98,213.738
Austria,1991,11.85,5.01,222.619
Austria,1992,11.65,4.79,213.66
Austria,1993,11.33,4.73,210.473
Austria,1994,10.93,4.68,211.017
Austria,1995,10.45,4.67,221.09799999999998
Austria,1996,10.27,4.72,235.79199999999994
Austria,1997,9.95,4.73,229.68699999999998
Austria,1998,9.67,4.71,232.30399999999997
Austria,1999,9.54,4.7,228.195
Austria,2000,9.28,4.69,224.418
Austria,2001,9.17,4.54,236.93399999999997
Austria,2002,9.05,4.63,239.09799999999998
Austria,2003,8.9,4.46,255.78399999999996
Austria,2004,8.81,3.98,260.11400000000003
Austria,2005,8.63,3.97,264.966
Austria,2006,8.49,4.01,263.70000000000005
Austria,2007,8.33,4.01,253.817
Austria,2008,8.25,4.33,250.698
Austria,2009,8.07,3.83,229.92600000000002
Austria,2010,8.11,3.82,245.244
Austria,2011,7.92,3.98,242.978
Austria,2012,7.77,3.79,234.14
Austria,2013,7.63,3.88,230.461
Austria,2014,7.44,3.92,223.66200000000003
Austria,2015,7.39,4.02,221.82100000000003
Austria,2016,7.31,4.0,226.797
Austria,2017,7.27,3.92,231.094
Austria,2018,7.08,3.86,224.374
Austria,2019,6.96,3.78,225.06299999999996
Austria,2020,6.86,3.76,205.065
Belarus,1990,20.55,21.66,278.428
Belarus,1991,20.13,20.46,275.11300000000006
Belarus,1992,18.01,16.33,232.30599999999998
Belarus,1993,17.1,16.01,199.35600000000002
Belarus,1994,16.26,15.3,166.043
Belarus,1995,15.44,15.25,156.72299999999998
Belarus,1996,15.19,15.29,171.581
Belarus,1997,14.97,15.34,168.457
Belarus,1998,14.91,15.27,191.58499999999998
Belarus,1999,14.75,15.28,183.839
Belarus,2000,14.34,15.06,151.901
Belarus,2001,14.1,15.06,147.296
Belarus,2002,13.95,14.78,146.952
Belarus,2003,14.01,15.0,150.783
Belarus,2004,14.4,15.18,158.28799999999998
Belarus,2005,14.16,15.54,161.63000000000002
Belarus,2006,14.57,16.05,170.39099999999996
Belarus,2007,14.95,15.87,169.793
Belarus,2008,15.78,16.4,177.774
Belarus,2009,15.84,16.54,177.587
Belarus,2010,16.3,16.43,186.64999999999998
Belarus,2011,15.99,16.93,173.673
Belarus,2012,16.27,16.81,188.734
Belarus,2013,16.92,16.56,194.631
Belarus,2014,17.02,16.17,190.30599999999995
Belarus,2015,17.24,16.02,177.617
Belarus,2016,16.81,15.23,175.01699999999997
Belarus,2017,17.01,15.63,178.67999999999998
Belarus,2018,17.05,15.53,187.769
Belarus,2019,17.04,15.53,187.184
Belarus,2020,17.09,15.92,176.64
Belgium,1990,13.26,8.19,395.549
Belgium,1991,13.35,8.12,402.41499999999996
Belgium,1992,13.16,7.74,417.389
Belgium,1993,12.97,7.96,405.608
Belgium,1994,13.01,8.47,412.267
Belgium,1995,13.13,8.84,418.484
Belgium,1996,13.01,9.34,424.5250000000001
Belgium,1997,12.82,9.03,418.59600000000006
Belgium,1998,12.55,9.13,441.115
Belgium,1999,12.61,9.06,437.23500000000007
Belgium,2000,12.14,7.69,443.867
Belgium,2001,11.63,7.48,441.48100000000005
Belgium,2002,11.08,7.97,447.69399999999996
Belgium,2003,10.4,7.21,463.188
Belgium,2004,10.26,7.29,476.20199999999994
Belgium,2005,9.99,7.17,477.49
Belgium,2006,9.83,6.16,473.655
Belgium,2007,9.65,5.53,475.63199999999995
Belgium,2008,9.45,5.49,474.62100000000004
Belgium,2009,9.36,5.69,416.0670000000001
Belgium,2010,9.24,6.21,445.308
Belgium,2011,8.99,4.95,430.04
Belgium,2012,8.83,4.96,414.074
Belgium,2013,8.61,4.85,415.38
Belgium,2014,8.54,4.84,406.24699999999996
Belgium,2015,8.53,4.79,410.665
Belgium,2016,8.45,4.63,407.379
Belgium,2017,8.16,4.59,399.411
Belgium,2018,8.18,4.62,408.485
Belgium,2019,8.08,4.62,400.187
Belgium,2020,7.97,4.56,361.033
Brazil,1990,291.05,111.7,682.7629999999999
Brazil,1991,300.15,115.63,710.7249999999999
Brazil,1992,305.53,117.29,721.0689999999998
Brazil,1993,306.67,120.07,751.0999999999999
Brazil,1994,313.05,123.53,783.867
Brazil,1995,319.19,125.48,836.092
Brazil,1996,311.52,116.09,900.606
Brazil,1997,320.61,120.11,956.436
Brazil,1998,337.42,130.37,984.1329999999998
Brazil,1999,338.43,129.16,987.6209999999999
Brazil,2000,333.94,124.64,1030.638
Brazil,2001,347.57,132.72,1035.4180000000001
Brazil,2002,371.36,147.54,1027.138
Brazil,2003,387.02,152.26,1013.3219999999998
Brazil,2004,404.45,163.67,1059.257
Brazil,2005,414.53,164.57,1078.752
Brazil,2006,407.21,157.26,1096.977
Brazil,2007,414.45,169.83,1174.112
Brazil,2008,407.24,155.85,1268.479
Brazil,2009,409.16,150.05,1193.3749999999998
Brazil,2010,438.27,177.4,1365.361
Brazil,2011,429.81,168.0,1444.371
Brazil,2012,434.35,171.55,1550.0159999999998
Brazil,2013,428.42,168.6,1655.9550000000002
Brazil,2014,436.81,177.2,1728.124
Brazil,2015,446.49,177.68,1606.8429999999998
Brazil,2016,447.89,176.2,1473.367
Brazil,2017,448.99,187.82,1492.7560000000003
Brazil,2018,438.0,177.53,1434.3290000000002
Brazil,2019,449.79,189.05,1423.4930000000002
Brazil,2020,459.01,201.77,1316.573
Bulgaria,1990,16.37,8.33,214.60199999999998
Bulgaria,1991,15.35,7.13,167.61399999999998
Bulgaria,1992,14.81,5.32,156.798
Bulgaria,1993,13.52,4.61,162.18699999999998
Bulgaria,1994,11.72,4.65,154.328
Bulgaria,1995,12.01,4.42,162.37899999999996
Bulgaria,1996,12.07,4.51,165.78400000000002
Bulgaria,1997,11.57,4.23,158.211
Bulgaria,1998,11.07,3.66,152.131
Bulgaria,1999,10.66,3.41,134.185
Bulgaria,2000,10.6,3.81,133.24
Bulgaria,2001,9.97,4.0,143.23700000000002
Bulgaria,2002,9.44,4.42,135.43
Bulgaria,2003,9.84,4.53,147.242
Bulgaria,2004,9.33,4.42,144.80499999999998
Bulgaria,2005,8.91,4.04,149.71599999999998
Bulgaria,2006,8.52,3.31,154.57600000000002
Bulgaria,2007,8.6,3.68,165.39499999999998
Bulgaria,2008,8.32,3.89,163.044
Bulgaria,2009,7.97,3.87,136.423
Bulgaria,2010,7.82,3.81,140.55299999999997
Bulgaria,2011,8.07,4.45,153.197
Bulgaria,2012,7.78,3.53,140.456
Bulgaria,2013,7.52,3.86,123.364
Bulgaria,2014,7.5,3.94,129.20000000000002
Bulgaria,2015,7.42,4.11,136.762
Bulgaria,2016,7.12,4.32,130.218
Bulgaria,2017,7.09,4.3,135.928
Bulgaria,2018,6.98,4.25,127.58299999999998
Bulgaria,2019,6.86,4.37,124.06300000000002
Bulgaria,2020,6.98,4.33,108.958
Canada,1990,69.64,43.87,1400.286
Canada,1991,70.92,43.6,1382.7749999999999
Canada,1992,73.44,44.11,1423.586
Canada,1993,75.05,43.88,1411.7909999999997
Canada,1994,76.78,45.93,1445.977
Canada,1995,79.83,47.31,1479.679
Canada,1996,84.32,51.12,1522.0040000000001
Canada,1997,83.87,47.84,1582.85
Canada,1998,91.12,47.6,1601.9689999999998
Canada,1999,86.75,41.95,1630.9279999999997
Canada,2000,86.25,39.41,1715.105
Canada,2001,86.12,37.9,1677.901
Canada,2002,87.8,39.22,1711.6039999999998
Canada,2003,88.65,40.07,1740.2260000000003
Canada,2004,91.19,42.08,1743.4429999999998
Canada,2005,91.55,42.96,1758.4750000000001
Canada,2006,93.64,38.83,1713.2540000000001
Canada,2007,92.57,42.96,1786.966
Canada,2008,88.87,43.25,1737.304
Canada,2009,85.85,40.14,1663.49
Canada,2010,86.36,40.61,1719.2220000000002
Canada,2011,87.48,43.21,1731.789
Canada,2012,88.06,45.5,1709.5999999999997
Canada,2013,90.99,45.07,1717.06
Canada,2014,93.38,44.52,1691.4289999999999
Canada,2015,94.24,44.93,1682.7469999999996
Canada,2016,96.17,43.71,1636.8650000000002
Canada,2017,100.7,44.66,1661.0520000000001
Canada,2018,104.92,47.56,1682.537
Canada,2019,103.86,44.86,1681.6509999999998
Canada,2020,100.25,47.2,1526.952
China,1990,764.18,296.39,7290.055
China,1991,773.83,303.93,7612.071
China,1992,779.55,309.82,8037.5689999999995
China,1993,788.86,301.62,8600.413999999999
China,1994,811.27,315.16,8957.568
China,1995,848.71,358.81,9717.228
China,1996,857.26,384.86,10142.947999999999
China,1997,812.25,356.78,10089.747999999998
China,1998,814.34,365.83,9688.951000000001
China,1999,808.7,381.46,10286.958
China,2000,808.41,376.31,10560.928
China,2001,800.87,378.53,10815.179999999998
China,2002,793.65,397.24,11856.203000000001
China,2003,818.95,401.81,13759.994
China,2004,865.02,417.61,14750.294000000002
China,2005,902.04,427.86,16482.071
China,2006,940.51,440.71,18124.129
China,2007,970.03,449.65,19512.575999999997
China,2008,988.56,465.49,20972.052999999996
China,2009,1017.72,476.38,22503.572
China,2010,1066.02,488.82,24578.053
China,2011,1112.8,497.79,27202.726
China,2012,1113.26,509.82,28056.959
China,2013,1136.23,523.04,28637.695000000003
China,2014,1149.47,534.71,28812.903000000006
China,2015,1147.67,549.87,28602.008
China,2016,1107.28,551.99,28395.086
China,2017,1116.91,549.27,29164.791
China,2018,1147.49,545.9,30323.287999999993
China,2019,1163.53,536.88,31374.843999999997
China,2020,1186.57,537.23,31812.155999999995
Croatia,1990,4.05,2.94,66.949
Croatia,1991,3.98,2.66,49.619
Croatia,1992,3.72,2.77,50.932
Croatia,1993,3.67,2.3,51.815000000000005
Croatia,1994,3.53,2.34,49.939
Croatia,1995,3.44,2.28,53.32999999999999
Croatia,1996,3.39,2.27,54.48100000000001
Croatia,1997,3.37,2.64,58.062
Croatia,1998,3.37,2.15,58.496
Croatia,1999,3.38,2.24,62.026999999999994
Croatia,2000,3.31,2.39,60.972999999999985
Croatia,2001,3.38,2.21,66.05699999999999
Croatia,2002,3.4,2.41,69.98
Croatia,2003,3.51,2.31,71.74300000000001
Croatia,2004,3.65,2.64,71.683
Croatia,2005,3.63,2.49,72.569
Croatia,2006,3.75,2.92,75.414
Croatia,2007,3.79,3.08,79.42000000000002
Croatia,2008,3.77,3.42,80.907
Croatia,2009,3.82,2.24,69.25399999999999
Croatia,2010,3.8,2.51,66.176
Croatia,2011,3.82,2.64,64.53699999999999
Croatia,2012,3.75,2.33,61.66299999999999
Croatia,2013,3.65,1.73,60.4
Croatia,2014,3.64,1.7,54.493
Croatia,2015,3.74,1.84,57.134
Croatia,2016,3.75,1.61,58.806000000000004
Croatia,2017,3.77,1.75,59.394
Croatia,2018,3.67,1.74,59.69499999999999
Croatia,2019,3.68,1.76,59.20099999999999
Croatia,2020,3.67,1.78,56.297
Cyprus,1990,0.53,0.32,16.082
Cyprus,1991,0.54,0.32,17.162
Cyprus,1992,0.55,0.37,19.336000000000002
Cyprus,1993,0.56,0.37,19.069999999999997
Cyprus,1994,0.58,0.37,19.557000000000002
Cyprus,1995,0.59,0.37,19.536
Cyprus,1996,0.6,0.38,21.462
Cyprus,1997,0.61,0.36,20.805
Cyprus,1998,0.62,0.37,23.101
Cyprus,1999,0.62,0.37,22.112
Cyprus,2000,0.64,0.36,21.914
Cyprus,2001,0.66,0.38,21.827
Cyprus,2002,0.68,0.4,22.697000000000003
Cyprus,2003,0.67,0.4,23.696
Cyprus,2004,0.67,0.39,24.853
Cyprus,2005,0.67,0.36,25.576999999999998
Cyprus,2006,0.67,0.36,26.271000000000004
Cyprus,2007,0.67,0.37,27.761
Cyprus,2008,0.68,0.36,29.264000000000003
Cyprus,2009,0.68,0.38,25.671
Cyprus,2010,0.69,0.39,24.855
Cyprus,2011,0.69,0.38,23.927000000000003
Cyprus,2012,0.69,0.38,22.673999999999996
Cyprus,2013,0.69,0.34,19.659
Cyprus,2014,0.7,0.34,20.983
Cyprus,2015,0.71,0.35,20.634
Cyprus,2016,0.73,0.35,21.615000000000002
Cyprus,2017,0.74,0.36,22.839
Cyprus,2018,0.74,0.36,22.447
Cyprus,2019,0.74,0.37,22.261
Cyprus,2020,0.75,0.37,20.202
Czechia,1990,23.66,8.05,479.854
Czechia,1991,22.16,6.14,428.35100000000006
Czechia,1992,20.66,5.97,439.66400000000004
Czechia,1993,19.72,5.39,412.6439999999999
Czechia,1994,18.52,5.57,390.78400000000005
Czechia,1995,17.99,5.54,386.85200000000003
Czechia,1996,17.76,5.77,392.458
Czechia,1997,17.4,5.52,380.62300000000005
Czechia,1998,16.71,5.43,365.59999999999985
Czechia,1999,15.86,5.15,343.67800000000005
Czechia,2000,14.98,5.56,374.96700000000004
Czechia,2001,14.68,5.9,376.30100000000004
Czechia,2002,14.14,4.92,372.843
Czechia,2003,14.07,5.0,376.05400000000003
Czechia,2004,13.65,5.21,372.04200000000003
Czechia,2005,14.04,5.12,361.7130000000001
Czechia,2006,14.29,4.99,368.464
Czechia,2007,13.82,5.01,378.55400000000003
Czechia,2008,13.92,4.93,370.087
Czechia,2009,13.59,4.71,344.131
Czechia,2010,13.82,4.58,355.64000000000004
Czechia,2011,13.77,4.74,346.194
Czechia,2012,13.62,5.16,333.40100000000007
Czechia,2013,12.82,5.01,322.384
Czechia,2014,12.76,5.13,311.22200000000004
Czechia,2015,12.76,5.58,314.521
Czechia,2016,12.47,5.6,319.0199999999999
Czechia,2017,12.49,5.3,326.279
Czechia,2018,12.41,5.16,325.87300000000005
Czechia,2019,12.42,5.08,310.80999999999995
Czechia,2020,12.38,4.76,283.03700000000003
Denmark,1990,9.63,7.48,168.982
Denmark,1991,9.9,7.36,193.969
Denmark,1992,9.95,6.89,186.04899999999998
Denmark,1993,10.13,6.93,188.20600000000002
Denmark,1994,10.01,6.83,198.15999999999997
Denmark,1995,9.96,6.83,191.459
Denmark,1996,10.09,6.78,222.84
Denmark,1997,10.19,6.77,198.291
Denmark,1998,10.17,6.59,188.12699999999998
Denmark,1999,10.25,6.63,186.74200000000005
Denmark,2000,10.56,6.62,174.23599999999996
Denmark,2001,10.74,6.45,178.147
Denmark,2002,10.62,6.28,177.573
Denmark,2003,10.56,6.43,188.896
Denmark,2004,10.53,5.73,180.491
Denmark,2005,10.41,5.62,169.913
Denmark,2006,10.17,5.56,191.58800000000005
Denmark,2007,9.99,5.53,179.55500000000004
Denmark,2008,9.69,5.55,170.87600000000003
Denmark,2009,9.3,5.25,159.925
Denmark,2010,9.44,5.17,160.72899999999996
Denmark,2011,9.06,5.15,148.32799999999997
Denmark,2012,8.85,5.19,132.564
Denmark,2013,8.62,5.1,135.829
Denmark,2014,8.45,5.28,126.104
Denmark,2015,8.43,5.44,119.308
Denmark,2016,8.39,5.5,123.32199999999999
Denmark,2017,8.29,5.53,118.55400000000002
Denmark,2018,8.11,5.26,119.36400000000002
Denmark,2019,7.9,5.42,108.385
Denmark,2020,7.78,5.49,99.10700000000001
Estonia,1990,2.28,2.31,105.202
Estonia,1991,2.26,2.18,98.564
Estonia,1992,2.3,1.87,72.85799999999999
Estonia,1993,2.08,1.72,56.816
Estonia,1994,1.79,1.6,56.722
Estonia,1995,1.72,1.54,51.797
Estonia,1996,1.66,1.51,54.840999999999994
Estonia,1997,1.62,1.51,53.321999999999996
Estonia,1998,1.56,1.55,50.929
Estonia,1999,1.52,1.56,51.659
Estonia,2000,1.46,1.59,51.285
Estonia,2001,1.44,1.57,50.71000000000001
Estonia,2002,1.44,1.57,50.562000000000005
Estonia,2003,1.39,1.61,55.229000000000006
Estonia,2004,1.41,1.63,55.476
Estonia,2005,1.34,1.62,53.546
Estonia,2006,1.33,1.62,54.087999999999994
Estonia,2007,1.32,1.67,61.123
Estonia,2008,1.3,1.73,53.145999999999994
Estonia,2009,1.26,1.68,42.904999999999994
Estonia,2010,1.28,1.72,55.194
Estonia,2011,1.22,1.73,57.445
Estonia,2012,1.22,1.76,53.152999999999984
Estonia,2013,1.19,1.78,56.49800000000001
Estonia,2014,1.18,1.8,54.97500000000001
Estonia,2015,1.17,1.82,49.639
Estonia,2016,1.09,1.76,51.568000000000005
Estonia,2017,1.1,1.8,54.31700000000001
Estonia,2018,1.1,1.79,53.782000000000004
Estonia,2019,1.09,1.83,39.291
Estonia,2020,1.1,1.83,30.936000000000003
Europe,1990,1445.58,598.93,23846.686
Europe,1991,1404.03,570.56,23135.110000000004
Europe,1992,1339.86,535.89,20851.413000000004
Europe,1993,1301.65,515.06,20184.111000000004
Europe,1994,1268.22,503.27,19298.519
Europe,1995,1237.8,492.26,19252.203999999998
Europe,1996,1229.51,499.53,19518.746000000003
Europe,1997,1186.36,484.1,18918.738
Europe,1998,1173.12,457.64,18833.445
Europe,1999,1160.0,431.44,18589.871999999996
Europe,2000,1157.57,428.97,18623.068000000003
Europe,2001,1145.58,427.19,19028.987
Europe,2002,1148.28,421.25,18944.11
Europe,2003,1173.48,422.24,19481.864
Europe,2004,1162.45,422.48,19641.766999999996
Europe,2005,1161.84,412.99,19754.655
Europe,2006,1149.69,403.73,20131.070999999996
Europe,2007,1148.15,408.83,20146.037
Europe,2008,1139.09,405.41,19956.907
Europe,2009,1107.4,381.82,18308.172000000002
Europe,2010,1119.63,374.0,19059.603
Europe,2011,1112.06,373.01,18779.522999999997
Europe,2012,1101.14,371.15,18537.325999999997
Europe,2013,1092.82,370.97,18045.438000000002
Europe,2014,1085.76,376.83,17346.807
Europe,2015,1088.3,374.88,17182.846
Europe,2016,1101.76,379.01,17222.584000000003
Europe,2017,1110.79,381.75,17304.686999999998
Europe,2018,1128.57,378.15,17261.695
Europe,2019,1125.63,381.35,16747.007
Europe,2020,1115.12,378.16,15499.837
European Union (27),1990,527.78,341.89,12142.802000000001
European Union (27),1991,516.98,325.4,11895.345000000001
European Union (27),1992,503.49,314.49,11959.225999999999
European Union (27),1993,492.57,310.43,11515.54
European Union (27),1994,483.92,314.23,11365.126000000002
European Union (27),1995,479.37,312.51,11516.646999999999
European Union (27),1996,479.12,321.29,11642.142000000002
European Union (27),1997,474.33,316.3,11423.467999999999
European Union (27),1998,466.36,294.48,11456.636
European Union (27),1999,460.29,283.66,11345.747
European Union (27),2000,457.17,281.37,11417.028000000002
European Union (27),2001,449.75,280.49,11533.938
European Union (27),2002,444.07,275.1,11514.546000000002
European Union (27),2003,440.45,275.85,11843.875
European Union (27),2004,432.64,277.59,11928.448999999999
European Union (27),2005,426.8,271.31,11980.168
European Union (27),2006,421.91,261.72,12093.958000000002
European Union (27),2007,418.5,266.34,12026.775
European Union (27),2008,414.16,252.75,11824.979999999998
European Union (27),2009,408.26,238.85,10798.009000000002
European Union (27),2010,405.36,231.42,11162.678999999998
European Union (27),2011,394.03,225.07,10823.708999999999
European Union (27),2012,390.89,224.27,10406.793000000001
European Union (27),2013,385.4,224.74,10125.660000000002
European Union (27),2014,379.72,226.62,9731.702000000001
European Union (27),2015,380.2,228.32,9784.527000000002
European Union (27),2016,376.43,227.12,9811.341000000002
European Union (27),2017,375.02,229.53,9895.251
European Union (27),2018,369.1,224.02,9777.670999999998
European Union (27),2019,365.59,224.02,9335.046
European Union (27),2020,361.88,220.33,8468.521
Finland,1990,8.55,7.2,194.526
Finland,1991,8.46,6.63,184.929
Finland,1992,8.4,6.44,212.191
Finland,1993,8.37,6.54,197.766
Finland,1994,8.3,6.72,201.796
Finland,1995,8.08,6.71,191.504
Finland,1996,7.98,6.7,202.84
Finland,1997,7.86,6.75,198.89000000000001
Finland,1998,7.62,6.61,190.23000000000002
Finland,1999,7.42,6.65,191.911
Finland,2000,7.09,6.74,193.08999999999997
Finland,2001,6.93,6.65,206.277
Finland,2002,6.68,6.73,211.64700000000002
Finland,2003,6.44,6.85,234.747
Finland,2004,6.21,6.94,223.20600000000002
Finland,2005,5.92,7.01,194.85099999999997
Finland,2006,6.01,6.9,226.447
Finland,2007,5.82,6.93,222.23999999999998
Finland,2008,5.7,7.11,199.91600000000003
Finland,2009,5.58,6.14,181.60499999999996
Finland,2010,5.68,5.71,210.78600000000003
Finland,2011,5.48,5.61,183.98299999999998
Finland,2012,5.47,5.64,170.05500000000004
Finland,2013,5.34,5.74,169.92800000000003
Finland,2014,5.21,5.84,156.68699999999998
Finland,2015,5.13,5.82,143.495
Finland,2016,5.02,5.75,151.601
Finland,2017,4.9,5.8,144.788
Finland,2018,4.75,5.83,149.329
Finland,2019,4.64,6.01,138.159
Finland,2020,4.51,5.88,123.56099999999999
France,1990,70.65,61.69,1279.9419999999998
France,1991,70.56,62.15,1339.877
France,1992,70.01,60.05,1361.372
France,1993,70.15,60.29,1281.3030000000003
France,1994,70.17,61.06,1255.507
France,1995,70.66,61.88,1274.985
France,1996,71.16,64.15,1310.3839999999998
France,1997,70.34,63.52,1281.0620000000001
France,1998,70.57,56.34,1337.8269999999998
France,1999,70.68,51.62,1337.9279999999999
France,2000,72.97,49.49,1332.2459999999999
France,2001,73.23,50.23,1340.825
France,2002,71.93,47.75,1324.045
France,2003,70.79,47.62,1346.508
France,2004,70.07,45.07,1369.7820000000002
France,2005,69.37,43.9,1383.957
France,2006,68.67,43.08,1363.05
France,2007,68.87,44.16,1342.703
France,2008,69.01,42.34,1322.6229999999998
France,2009,67.81,40.15,1246.8950000000002
France,2010,67.7,39.06,1256.3970000000002
France,2011,65.31,37.1,1209.2820000000002
France,2012,64.75,37.7,1192.444
France,2013,64.63,38.65,1183.56
France,2014,63.5,38.9,1088.6029999999998
France,2015,62.91,39.51,1085.293
France,2016,61.99,38.02,1097.6039999999998
France,2017,61.12,39.73,1101.206
France,2018,60.35,38.09,1070.699
France,2019,59.48,37.4,1044.8630000000003
France,2020,58.46,36.21,938.7180000000001
Germany,1990,99.83,67.17,3304.4069999999997
Germany,1991,96.97,66.09,3178.062
Germany,1992,91.52,66.11,3146.3869999999997
Germany,1993,89.98,63.05,3079.1560000000004
Germany,1994,88.51,66.51,3021.3509999999997
Germany,1995,87.49,64.6,3019.8119999999994
Germany,1996,86.23,65.81,3043.208000000001
Germany,1997,83.26,63.29,2941.2320000000004
Germany,1998,79.77,50.77,2927.4300000000003
Germany,1999,77.55,47.12,2880.4500000000003
Germany,2000,74.99,45.45,2881.5280000000002
Germany,2001,73.32,47.11,2910.6659999999997
Germany,2002,71.09,46.91,2824.6729999999993
Germany,2003,68.93,46.67,2866.981
Germany,2004,66.26,47.99,2821.989
Germany,2005,64.63,46.24,2780.156000000001
Germany,2006,62.77,44.81,2797.727
Germany,2007,61.21,48.47,2740.8260000000005
Germany,2008,60.81,46.15,2744.1490000000003
Germany,2009,58.9,46.35,2549.1510000000003
Germany,2010,57.84,39.31,2684.3730000000005
Germany,2011,55.94,37.77,2597.0179999999996
Germany,2012,55.34,37.85,2542.8430000000008
Germany,2013,55.08,38.48,2596.7460000000005
Germany,2014,53.39,39.37,2495.6250000000005
Germany,2015,52.53,38.5,2489.6350000000007
Germany,2016,51.6,37.8,2512.7159999999994
Germany,2017,51.15,36.71,2470.066
Germany,2018,49.6,34.84,2392.88
Germany,2019,48.45,35.03,2256.363
Germany,2020,46.92,33.82,2067.779
Greece,1990,10.84,7.48,263.357
Greece,1991,10.73,7.25,262.22900000000004
Greece,1992,10.81,7.13,274.591
Greece,1993,10.91,6.68,267.999
Greece,1994,11.12,6.81,272.199
Greece,1995,11.19,6.62,274.51399999999995
Greece,1996,11.41,6.91,277.185
Greece,1997,11.36,6.62,287.75
Greece,1998,11.71,6.48,304.645
Greece,1999,11.5,6.41,299.344
Greece,2000,11.61,6.49,310.49
Greece,2001,10.81,6.19,317.13199999999995
Greece,2002,10.86,6.12,319.45300000000003
Greece,2003,10.9,6.04,315.447
Greece,2004,11.08,6.1,312.871
Greece,2005,11.07,5.88,321.3960000000001
Greece,2006,11.14,5.68,320.852
Greece,2007,11.17,5.97,326.08599999999996
Greece,2008,11.04,5.66,319.35699999999997
Greece,2009,10.7,5.42,314.621
Greece,2010,10.87,5.65,286.61699999999996
Greece,2011,10.73,5.44,271.452
Greece,2012,10.59,5.17,257.412
Greece,2013,10.21,4.88,226.791
Greece,2014,10.09,4.74,216.809
Greece,2015,9.93,4.57,205.74
Greece,2016,9.61,4.56,199.792
Greece,2017,9.66,4.61,206.36800000000002
Greece,2018,9.37,4.41,201.17700000000002
Greece,2019,9.35,4.42,183.974
Greece,2020,9.41,4.43,162.93800000000002
High-income countries,1990,1783.16,835.46,38111.875
High-income countries,1991,1790.04,818.2,39025.247
High-income countries,1992,1793.17,812.44,39091.068999999996
High-income countries,1993,1782.97,809.97,39055.23299999999
High-income countries,1994,1795.58,827.64,39609.321
High-income countries,1995,1794.47,830.42,39936.94
High-income countries,1996,1798.74,848.87,40940.285
High-income countries,1997,1793.38,835.39,41064.888
High-income countries,1998,1781.4,813.15,41032.974
High-income countries,1999,1769.26,798.58,41593.492000000006
High-income countries,2000,1773.93,801.32,43071.424000000006
High-income countries,2001,1763.41,798.77,42847.24799999999
High-income countries,2002,1744.05,787.83,43257.416
High-income countries,2003,1714.59,762.85,44372.263999999996
High-income countries,2004,1726.78,789.9,45145.09300000001
High-income countries,2005,1709.63,761.48,45518.645000000004
High-income countries,2006,1731.63,776.49,45696.478
High-income countries,2007,1723.31,773.86,45887.712999999996
High-income countries,2008,1710.07,724.5,45031.35
High-income countries,2009,1683.54,707.64,42030.483
High-income countries,2010,1695.32,697.34,43811.028000000006
High-income countries,2011,1752.73,752.89,43305.14199999999
High-income countries,2012,1768.47,747.91,42907.787000000004
High-income countries,2013,1735.25,707.56,42851.41099999999
High-income countries,2014,1768.1,722.91,42450.003000000004
High-income countries,2015,1773.13,721.74,42264.591
High-income countries,2016,1747.54,710.41,41778.67100000001
High-income countries,2017,1786.08,736.18,41674.70300000001
High-income countries,2018,1830.91,733.06,42006.043
High-income countries,2019,1863.01,722.73,41064.187000000005
High-income countries,2020,1796.14,699.01,37545.520000000004
Hungary,1990,11.64,10.07,238.557
Hungary,1991,11.57,8.01,223.065
Hungary,1992,10.43,5.93,219.93900000000002
Hungary,1993,9.86,6.57,214.39299999999997
Hungary,1994,9.42,7.31,203.496
Hungary,1995,8.8,6.55,199.54500000000002
Hungary,1996,8.97,7.57,196.78599999999997
Hungary,1997,8.85,7.45,193.34200000000004
Hungary,1998,8.71,7.05,193.82600000000005
Hungary,1999,8.78,7.04,195.66099999999997
Hungary,2000,8.77,7.38,190.259
Hungary,2001,8.66,7.9,197.015
Hungary,2002,8.73,6.8,193.29199999999997
Hungary,2003,8.87,6.71,205.20499999999998
Hungary,2004,8.45,7.66,200.182
Hungary,2005,8.38,7.37,199.127
Hungary,2006,8.25,7.15,198.26299999999998
Hungary,2007,8.14,6.62,199.49500000000003
Hungary,2008,8.04,6.1,198.146
Hungary,2009,8.02,5.58,172.42600000000002
Hungary,2010,7.98,5.43,176.32900000000004
Hungary,2011,7.8,5.72,169.762
Hungary,2012,7.66,5.59,155.40200000000002
Hungary,2013,7.48,5.98,147.98299999999998
Hungary,2014,7.32,5.82,145.467
Hungary,2015,7.24,5.8,152.709
Hungary,2016,7.23,6.32,154.93
Hungary,2017,7.16,6.32,164.72899999999998
Hungary,2018,7.06,6.37,165.983
Hungary,2019,6.99,6.33,163.905
Hungary,2020,6.96,6.48,155.35200000000003
Ireland,1990,15.47,10.3,105.436
Ireland,1991,15.73,10.04,108.62299999999999
Ireland,1992,15.78,10.11,109.98400000000001
Ireland,1993,15.91,10.44,107.979
Ireland,1994,15.94,10.64,110.84200000000001
Ireland,1995,16.0,10.61,113.87700000000001
Ireland,1996,15.98,10.48,124.95
Ireland,1997,15.99,10.57,126.737
Ireland,1998,16.43,11.02,130.482
Ireland,1999,16.49,10.98,140.17899999999997
Ireland,2000,16.97,10.87,144.898
Ireland,2001,17.06,10.64,151.876
Ireland,2002,16.97,10.28,150.16400000000002
Ireland,2003,17.54,10.33,163.47500000000002
Ireland,2004,16.6,10.01,158.986
Ireland,2005,16.12,9.77,168.92499999999998
Ireland,2006,16.09,9.61,167.30700000000002
Ireland,2007,15.43,9.44,167.95
Ireland,2008,15.2,9.39,159.97
Ireland,2009,14.91,9.64,137.181
Ireland,2010,14.42,9.19,133.638
Ireland,2011,14.42,9.07,123.97899999999998
Ireland,2012,14.87,9.57,123.205
Ireland,2013,15.26,9.52,121.07000000000001
Ireland,2014,15.62,9.58,120.85
Ireland,2015,15.9,9.63,123.829
Ireland,2016,16.55,9.85,129.73000000000002
Ireland,2017,16.8,10.13,127.958
Ireland,2018,15.18,9.78,128.597
Ireland,2019,15.22,9.55,124.692
Ireland,2020,15.25,9.57,114.069
Italy,1990,48.76,26.49,1445.017
Italy,1991,47.76,26.62,1438.066
Italy,1992,47.86,26.04,1489.299
Italy,1993,47.61,25.83,1421.306
Italy,1994,48.13,25.13,1393.6699999999998
Italy,1995,48.35,25.9,1462.166
Italy,1996,49.2,26.16,1418.438
Italy,1997,49.68,25.81,1434.561
Italy,1998,49.4,26.21,1468.687
Italy,1999,49.53,26.46,1494.05
Italy,2000,50.7,26.75,1514.806
Italy,2001,49.15,25.61,1503.4759999999999
Italy,2002,49.97,26.37,1531.846
Italy,2003,49.92,25.75,1583.706
Italy,2004,49.17,27.08,1612.1080000000002
Italy,2005,49.37,25.76,1623.355
Italy,2006,48.8,20.73,1634.319
Italy,2007,48.85,20.18,1608.73
Italy,2008,48.87,18.72,1573.6060000000002
Italy,2009,48.29,17.43,1415.1219999999998
Italy,2010,48.52,16.88,1477.204
Italy,2011,46.13,16.34,1431.8670000000002
Italy,2012,46.85,16.81,1336.9409999999998
Italy,2013,44.72,16.63,1231.858
Italy,2014,43.72,16.26,1172.2729999999997
Italy,2015,44.44,16.39,1178.2349999999997
Italy,2016,44.27,16.38,1158.9520000000002
Italy,2017,44.39,16.25,1153.1670000000001
Italy,2018,44.53,16.48,1150.689
Italy,2019,44.26,16.45,1115.3419999999999
Italy,2020,43.89,15.99,993.436
Japan,1990,36.99,28.08,3631.8410000000003
Japan,1991,36.99,27.4,3673.823
Japan,1992,37.42,27.72,3780.3599999999997
Japan,1993,37.45,27.66,3737.5930000000003
Japan,1994,37.74,29.13,3921.2870000000003
Japan,1995,36.87,28.89,3977.484
Japan,1996,35.91,29.87,3995.8600000000006
Japan,1997,35.29,30.36,3956.852
Japan,1998,34.07,28.87,3782.3009999999995
Japan,1999,33.78,22.68,3947.3190000000004
Japan,2000,33.33,25.3,4076.249
Japan,2001,32.39,22.05,4010.2889999999998
Japan,2002,32.24,21.72,4059.259
Japan,2003,31.99,21.86,4101.588
Japan,2004,31.8,22.21,4100.539
Japan,2005,31.42,21.89,4123.473
Japan,2006,31.24,21.83,4050.495
Japan,2007,31.15,21.06,4130.088000000001
Japan,2008,30.43,20.35,3966.737
Japan,2009,29.81,20.13,3722.02
Japan,2010,29.74,20.21,3876.9839999999995
Japan,2011,29.69,19.34,4057.4280000000003
Japan,2012,29.53,19.27,4197.818000000001
Japan,2013,29.23,19.71,4163.765
Japan,2014,28.68,19.63,3973.4759999999997
Japan,2015,27.9,19.06,3806.6200000000003
Japan,2016,27.58,19.07,3736.6250000000005
Japan,2017,27.42,19.18,3683.9669999999996
Japan,2018,26.59,18.99,3564.7280000000005
Japan,2019,26.16,18.9,3459.991
Japan,2020,25.79,18.51,3267.799
Kazakhstan,1990,43.38,18.16,816.0500000000001
Kazakhstan,1991,43.62,17.34,729.5409999999999
Kazakhstan,1992,40.22,15.81,600.6129999999999
Kazakhstan,1993,39.59,14.59,581.1969999999999
Kazakhstan,1994,38.71,13.74,492.03999999999996
Kazakhstan,1995,36.26,11.61,466.212
Kazakhstan,1996,34.65,10.24,423.79300000000006
Kazakhstan,1997,34.64,8.98,400.33700000000005
Kazakhstan,1998,32.98,7.53,401.885
Kazakhstan,1999,32.85,6.96,336.239
Kazakhstan,2000,35.19,6.74,389.805
Kazakhstan,2001,36.98,7.44,393.965
Kazakhstan,2002,47.12,11.84,439.523
Kazakhstan,2003,46.47,8.65,476.259
Kazakhstan,2004,51.84,9.65,503.18
Kazakhstan,2005,54.81,10.01,542.2220000000001
Kazakhstan,2006,57.45,10.95,603.4319999999999
Kazakhstan,2007,57.67,10.07,627.581
Kazakhstan,2008,61.11,10.34,612.5640000000001
Kazakhstan,2009,62.62,9.59,602.9329999999999
Kazakhstan,2010,65.1,11.05,636.495
Kazakhstan,2011,65.45,10.0,604.082
Kazakhstan,2012,64.64,9.78,622.0219999999999
Kazakhstan,2013,65.1,8.89,664.3649999999999
Kazakhstan,2014,65.53,10.22,704.006
Kazakhstan,2015,63.81,10.89,753.1769999999999
Kazakhstan,2016,62.58,9.99,734.7389999999999
Kazakhstan,2017,69.99,13.37,774.7759999999998
Kazakhstan,2018,70.53,10.85,786.2449999999999
Kazakhstan,2019,69.02,11.87,712.296
Kazakhstan,2020,69.75,11.6,683.1490000000001
Latvia,1990,4.06,2.9,60.89
Latvia,1991,4.07,2.74,55.69699999999999
Latvia,1992,4.61,2.67,46.785999999999994
Latvia,1993,3.99,2.33,38.47899999999999
Latvia,1994,2.91,1.97,34.49099999999999
Latvia,1995,2.64,1.73,30.963000000000005
Latvia,1996,2.6,1.75,32.684
Latvia,1997,2.5,1.76,31.018
Latvia,1998,2.41,1.81,30.055999999999997
Latvia,1999,2.3,1.8,27.767
Latvia,2000,2.17,1.78,28.860000000000003
Latvia,2001,2.2,1.81,28.711999999999996
Latvia,2002,2.24,1.81,28.611
Latvia,2003,2.19,1.89,30.051000000000002
Latvia,2004,2.13,1.88,29.409000000000002
Latvia,2005,2.15,1.93,29.039
Latvia,2006,2.15,1.95,31.836
Latvia,2007,2.15,2.02,35.017
Latvia,2008,2.16,2.06,32.631
Latvia,2009,2.11,2.06,26.935
Latvia,2010,2.06,2.09,30.469
Latvia,2011,2.0,2.11,29.094
Latvia,2012,2.06,2.18,28.354000000000003
Latvia,2013,2.07,2.2,27.483
Latvia,2014,2.12,2.25,26.220000000000002
Latvia,2015,2.04,2.32,26.496
Latvia,2016,2.05,2.3,26.45
Latvia,2017,2.05,2.28,28.7
Latvia,2018,2.0,2.22,31.805000000000003
Latvia,2019,1.98,2.32,30.66
Latvia,2020,1.95,2.35,27.778
Lithuania,1990,7.12,6.67,114.696
Lithuania,1991,7.05,6.41,121.505
Lithuania,1992,7.35,5.51,94.828
Lithuania,1993,6.29,4.91,65.052
Lithuania,1994,5.59,4.51,60.22899999999999
Lithuania,1995,5.18,4.41,58.10600000000001
Lithuania,1996,5.01,4.88,54.21699999999999
Lithuania,1997,5.01,4.99,52.01200000000001
Lithuania,1998,4.87,5.24,54.211
Lithuania,1999,4.6,5.23,46.765
Lithuania,2000,4.42,5.44,43.88399999999999
Lithuania,2001,4.16,5.5,45.302
Lithuania,2002,4.2,5.75,44.69
Lithuania,2003,4.26,5.85,47.946999999999996
Lithuania,2004,4.3,6.08,48.097
Lithuania,2005,4.26,6.32,49.179
Lithuania,2006,4.22,6.27,51.567
Lithuania,2007,4.23,7.06,55.342999999999996
Lithuania,2008,4.07,6.76,52.40299999999999
Lithuania,2009,3.93,4.67,46.889
Lithuania,2010,3.88,4.57,48.269000000000005
Lithuania,2011,3.72,4.91,51.528999999999996
Lithuania,2012,3.69,4.74,49.35699999999999
Lithuania,2013,3.58,4.49,47.403000000000006
Lithuania,2014,3.48,4.56,46.964
Lithuania,2015,3.45,4.57,46.526
Lithuania,2016,3.35,4.43,47.63199999999999
Lithuania,2017,3.27,4.46,48.823
Lithuania,2018,3.12,4.31,49.833
Lithuania,2019,3.03,4.49,49.13700000000001
Lithuania,2020,3.0,4.61,47.127
Lower-middle-income countries,1990,1878.25,507.61,6384.5419999999995
Lower-middle-income countries,1991,1916.66,512.49,6393.741999999999
Lower-middle-income countries,1992,1936.79,518.43,6610.814000000001
Lower-middle-income countries,1993,1963.78,517.7,6541.399
Lower-middle-income countries,1994,1989.96,585.36,6617.426
Lower-middle-income countries,1995,2026.03,597.64,6764.102
Lower-middle-income countries,1996,2026.56,593.87,7176.735000000001
Lower-middle-income countries,1997,2294.2,620.41,7390.215
Lower-middle-income countries,1998,2115.23,633.1,7447.008999999999
Lower-middle-income countries,1999,2099.59,632.66,7954.259999999999
Lower-middle-income countries,2000,2085.39,632.74,7948.452
Lower-middle-income countries,2001,2058.37,639.17,8256.551000000001
Lower-middle-income countries,2002,2173.42,650.68,8375.302
Lower-middle-income countries,2003,2151.55,677.82,8843.383
Lower-middle-income countries,2004,2276.13,708.71,9244.918
Lower-middle-income countries,2005,2242.48,718.03,9690.394999999999
Lower-middle-income countries,2006,2367.1,730.26,10185.128
Lower-middle-income countries,2007,2272.06,761.67,10856.118999999999
Lower-middle-income countries,2008,2272.77,758.24,11298.271999999999
Lower-middle-income countries,2009,2370.9,786.9,11694.131
Lower-middle-income countries,2010,2324.34,813.88,12248.451
Lower-middle-income countries,2011,2376.47,811.48,12964.194
Lower-middle-income countries,2012,2383.45,819.0,13686.524
Lower-middle-income countries,2013,2383.51,824.91,13837.030999999999
Lower-middle-income countries,2014,2485.84,834.68,14562.596000000001
Lower-middle-income countries,2015,2518.69,851.3,15118.071
Lower-middle-income countries,2016,2444.61,858.77,15740.034999999998
Lower-middle-income countries,2017,2468.12,879.09,16370.081
Lower-middle-income countries,2018,2537.88,886.36,17179.336
Lower-middle-income countries,2019,2595.37,915.76,17818.477
Lower-middle-income countries,2020,2488.88,935.19,16859.392
Luxembourg,1990,0.6,0.3,35.44700000000001
Luxembourg,1991,0.61,0.32,37.304
Luxembourg,1992,0.61,0.32,36.60600000000001
Luxembourg,1993,0.61,0.32,37.056000000000004
Luxembourg,1994,0.6,0.32,34.629
Luxembourg,1995,0.6,0.31,27.468000000000004
Luxembourg,1996,0.6,0.32,27.621000000000002
Luxembourg,1997,0.6,0.32,25.691
Luxembourg,1998,0.59,0.32,22.989
Luxembourg,1999,0.61,0.34,24.887
Luxembourg,2000,0.59,0.26,25.783
Luxembourg,2001,0.59,0.26,27.018
Luxembourg,2002,0.59,0.34,29.779000000000003
Luxembourg,2003,0.58,0.35,32.435
Luxembourg,2004,0.58,0.38,36.766
Luxembourg,2005,0.57,0.37,38.577000000000005
Luxembourg,2006,0.57,0.37,38.709999999999994
Luxembourg,2007,0.58,0.37,34.497
Luxembourg,2008,0.58,0.38,38.203
Luxembourg,2009,0.58,0.37,30.680000000000003
Luxembourg,2010,0.58,0.37,33.176
Luxembourg,2011,0.56,0.38,34.382
Luxembourg,2012,0.55,0.36,33.775
Luxembourg,2013,0.56,0.37,32.286
Luxembourg,2014,0.56,0.36,30.977
Luxembourg,2015,0.56,0.36,29.705000000000002
Luxembourg,2016,0.56,0.36,28.016999999999996
Luxembourg,2017,0.57,0.37,28.256
Luxembourg,2018,0.56,0.38,28.741
Luxembourg,2019,0.56,0.38,28.86
Luxembourg,2020,0.56,0.36,24.140000000000004
Malta,1990,0.15,0.06,8.249999999999998
Malta,1991,0.16,0.06,7.794
Malta,1992,0.17,0.06,8.059
Malta,1993,0.18,0.06,9.505
Malta,1994,0.19,0.07,8.995000000000001
Malta,1995,0.18,0.07,8.631
Malta,1996,0.19,0.06,8.924
Malta,1997,0.2,0.06,8.741000000000001
Malta,1998,0.2,0.07,9.813
Malta,1999,0.21,0.06,9.341999999999999
Malta,2000,0.22,0.06,9.543
Malta,2001,0.22,0.06,10.292
Malta,2002,0.23,0.06,10.558
Malta,2003,0.24,0.06,10.382
Malta,2004,0.24,0.06,10.002
Malta,2005,0.26,0.06,8.609
Malta,2006,0.26,0.06,9.19
Malta,2007,0.27,0.06,10.197
Malta,2008,0.19,0.06,11.296
Malta,2009,0.2,0.06,9.692
Malta,2010,0.22,0.06,11.113
Malta,2011,0.2,0.05,13.314
Malta,2012,0.2,0.05,13.386000000000001
Malta,2013,0.19,0.05,11.248000000000001
Malta,2014,0.2,0.05,12.34
Malta,2015,0.21,0.05,11.757
Malta,2016,0.22,0.05,11.887
Malta,2017,0.22,0.05,11.823
Malta,2018,0.22,0.05,13.425
Malta,2019,0.22,0.05,13.094999999999999
Malta,2020,0.23,0.05,11.635000000000002
Netherlands,1990,29.61,16.23,527.4280000000001
Netherlands,1991,29.91,16.37,552.058
Netherlands,1992,29.44,16.43,579.9019999999999
Netherlands,1993,28.82,16.78,561.1099999999999
Netherlands,1994,28.05,16.47,559.063
Netherlands,1995,27.35,16.07,565.614
Netherlands,1996,26.72,16.01,581.4789999999999
Netherlands,1997,25.87,15.75,561.903
Netherlands,1998,25.02,15.44,568.94
Netherlands,1999,24.11,15.2,488.70099999999996
Netherlands,2000,23.1,14.73,474.11999999999995
Netherlands,2001,22.5,14.09,481.65000000000003
Netherlands,2002,21.49,13.54,484.6809999999999
Netherlands,2003,20.7,13.39,542.554
Netherlands,2004,20.33,14.03,554.1030000000001
Netherlands,2005,18.93,13.99,571.9540000000001
Netherlands,2006,18.31,13.94,576.864
Netherlands,2007,18.12,12.52,544.807
Netherlands,2008,18.23,9.02,573.041
Netherlands,2009,18.04,8.96,534.582
Netherlands,2010,17.88,8.75,587.135
Netherlands,2011,17.38,8.61,549.7989999999999
Netherlands,2012,17.09,8.69,520.311
Netherlands,2013,17.17,8.6,519.179
Netherlands,2014,17.18,8.9,485.65599999999995
Netherlands,2015,17.43,9.23,496.846
Netherlands,2016,17.37,8.99,498.938
Netherlands,2017,16.52,8.8,493.264
Netherlands,2018,15.53,8.45,486.01700000000005
Netherlands,2019,15.54,8.5,472.38599999999997
Netherlands,2020,15.2,8.34,425.19699999999995
New Zealand,1990,32.97,14.92,77.899
New Zealand,1991,32.56,14.68,79.389
New Zealand,1992,32.27,14.5,84.671
New Zealand,1993,32.24,14.39,83.87800000000001
New Zealand,1994,33.01,14.83,84.906
New Zealand,1995,33.76,15.23,86.336
New Zealand,1996,33.37,14.77,90.658
New Zealand,1997,33.72,14.7,96.39099999999999
New Zealand,1998,32.97,14.37,91.22700000000002
New Zealand,1999,33.31,14.76,97.10499999999999
New Zealand,2000,32.76,14.67,96.56700000000002
New Zealand,2001,33.08,14.82,102.35
New Zealand,2002,33.82,15.12,103.40100000000001
New Zealand,2003,33.94,15.48,110.17100000000002
New Zealand,2004,33.85,15.51,110.655
New Zealand,2005,33.75,15.58,116.58800000000001
New Zealand,2006,33.94,15.38,114.495
New Zealand,2007,33.89,15.23,112.91899999999998
New Zealand,2008,33.3,14.81,115.483
New Zealand,2009,33.61,14.57,104.845
New Zealand,2010,33.58,14.8,105.931
New Zealand,2011,33.51,14.88,105.352
New Zealand,2012,33.99,15.03,110.68700000000001
New Zealand,2013,33.81,15.0,109.815
New Zealand,2014,34.1,15.23,109.95700000000001
New Zealand,2015,33.22,15.06,110.29099999999998
New Zealand,2016,33.18,14.98,106.42099999999999
New Zealand,2017,32.96,15.03,109.841
New Zealand,2018,32.78,15.07,110.339
New Zealand,2019,32.58,15.01,113.22699999999999
New Zealand,2020,32.24,14.91,107.428
North America,1990,916.03,343.44,17886.079
North America,1991,921.11,340.72,17709.354
North America,1992,927.75,345.71,18175.365999999998
North America,1993,928.21,348.44,18437.292
North America,1994,943.16,357.2,18808.490999999998
North America,1995,940.82,360.05,18958.847
North America,1996,945.43,371.51,19596.056999999997
North America,1997,937.56,362.13,20011.002000000004
North America,1998,940.47,363.4,20359.444
North America,1999,915.66,353.26,20738.937000000005
North America,2000,914.17,350.27,21556.896
North America,2001,903.66,341.67,21300.328
North America,2002,904.35,343.66,21546.492
North America,2003,915.3,357.5,21956.148
North America,2004,914.66,352.63,22309.065
North America,2005,919.56,361.33,22564.948999999997
North America,2006,925.79,363.57,22405.602
North America,2007,933.08,373.2,22570.076999999997
North America,2008,939.74,354.95,21775.079999999994
North America,2009,928.36,351.82,20271.973
North America,2010,948.46,360.48,20945.221
North America,2011,960.17,375.32,20613.793
North America,2012,971.7,367.34,20068.097999999998
North America,2013,973.31,371.72,20433.446000000004
North America,2014,1009.29,370.7,20562.329999999998
North America,2015,1020.04,371.04,20207.5
North America,2016,1003.34,378.89,19763.732
North America,2017,1022.95,379.57,19642.497999999996
North America,2018,1072.17,383.92,20186.271000000004
North America,2019,1113.03,379.51,19848.968
North America,2020,1075.61,378.87,17939.668
Norway,2003,5.44,4.86,130.076
Norway,2004,5.38,5.01,133.43099999999998
Norway,2005,5.25,5.11,130.662
Norway,2006,5.19,4.77,137.441
Norway,2007,5.05,4.55,146.076
Norway,2008,4.99,4.15,140.298
Norway,2009,4.99,3.58,137.62800000000001
Norway,2010,4.96,3.46,146.63199999999998
Norway,2011,4.86,3.45,140.681
Norway,2012,4.82,3.44,136.678
Norway,2013,4.7,3.43,137.916
Norway,2014,4.62,3.47,138.39700000000002
Norway,2015,4.64,3.5,141.42900000000003
Norway,2016,4.62,3.53,138.742
Norway,2017,4.61,3.55,138.482
Norway,2018,4.5,3.51,138.428
Norway,2019,4.37,3.57,134.59900000000002
Norway,2020,4.34,3.52,129.46800000000002
Oceania,1990,184.23,95.73,889.222
Oceania,1991,185.26,94.5,894.2210000000002
Oceania,1992,184.26,93.46,912.2060000000001
Oceania,1993,183.89,93.12,921.651
Oceania,1994,186.64,93.37,941.2180000000001
Oceania,1995,187.61,93.69,971.0420000000001
Oceania,1996,182.76,88.76,996.1669999999998
Oceania,1997,196.71,92.4,1026.504
Oceania,1998,187.81,92.07,1070.6970000000001
Oceania,1999,204.49,110.04,1095.9279999999997
Oceania,2000,209.99,116.34,1103.152
Oceania,2001,219.78,126.83,1134.002
Oceania,2002,215.14,121.3,1164.505
Oceania,2003,176.99,82.97,1203.6129999999996
Oceania,2004,194.4,103.65,1242.093
Oceania,2005,175.23,80.44,1254.9720000000002
Oceania,2006,196.63,102.5,1277.5749999999998
Oceania,2007,192.42,95.44,1305.327
Oceania,2008,174.94,78.71,1309.5870000000002
Oceania,2009,180.69,83.75,1336.817
Oceania,2010,171.53,71.5,1335.5500000000002
Oceania,2011,220.81,124.89,1332.5929999999998
Oceania,2012,221.71,124.73,1349.716
Oceania,2013,187.1,81.81,1314.82
Oceania,2014,200.89,93.95,1306.6750000000002
Oceania,2015,198.23,90.54,1325.131
Oceania,2016,181.08,75.37,1330.6290000000001
Oceania,2017,203.49,97.27,1346.3880000000004
Oceania,2018,202.76,95.2,1340.7279999999998
Oceania,2019,199.08,89.4,1341.9009999999996
Oceania,2020,181.59,72.13,1287.01
Poland,1990,45.22,26.76,1075.8380000000002
Poland,1991,43.48,25.19,1084.299
Poland,1992,41.73,24.93,1076.5310000000002
Poland,1993,41.05,25.48,1067.4730000000002
Poland,1994,39.92,25.69,1044.496
Poland,1995,38.94,26.16,1046.605
Poland,1996,38.17,26.18,1083.7300000000002
Poland,1997,37.96,26.53,1056.665
Poland,1998,36.51,25.26,974.891
Poland,1999,35.62,24.78,967.6260000000001
Poland,2000,34.27,25.1,934.909
Poland,2001,33.47,24.92,922.4259999999999
Poland,2002,33.25,24.45,897.0819999999999
Poland,2003,33.17,25.08,922.611
Poland,2004,32.53,25.14,938.311
Poland,2005,32.83,25.95,934.9729999999998
Poland,2006,33.23,26.3,990.3960000000001
Poland,2007,32.93,27.27,996.9559999999999
Poland,2008,32.59,26.15,988.2860000000001
Poland,2009,32.27,22.88,942.368
Poland,2010,32.8,23.66,998.201
Poland,2011,31.72,23.35,992.743
Poland,2012,31.22,23.77,976.4949999999999
Poland,2013,30.95,22.9,954.9780000000001
Poland,2014,30.24,22.39,920.6929999999999
Poland,2015,29.83,22.59,936.4759999999999
Poland,2016,29.0,23.5,956.2059999999999
Poland,2017,29.36,24.13,995.659
Poland,2018,30.24,23.04,1004.1050000000001
Poland,2019,29.7,23.41,947.815
Poland,2020,29.54,22.87,895.4370000000001
Portugal,1990,11.12,4.05,142.49099999999999
Portugal,1991,11.23,3.96,148.415
Portugal,1992,11.33,3.87,161.89999999999998
Portugal,1993,11.3,3.76,157.32999999999998
Portugal,1994,11.72,3.72,159.793
Portugal,1995,11.93,3.86,172.502
Portugal,1996,12.14,3.99,164.30100000000004
Portugal,1997,12.29,3.92,180.045
Portugal,1998,12.58,4.09,199.28000000000003
Portugal,1999,12.65,4.04,231.622
Portugal,2000,12.65,4.04,242.139
Portugal,2001,12.41,3.71,243.684
Portugal,2002,12.66,3.73,253.13500000000002
Portugal,2003,13.01,3.78,241.00699999999998
Portugal,2004,13.1,3.71,245.404
Portugal,2005,12.77,3.72,267.90500000000003
Portugal,2006,12.56,3.63,244.374
Portugal,2007,12.43,3.79,240.219
Portugal,2008,11.99,3.69,235.07199999999997
Portugal,2009,11.82,3.42,209.75099999999998
Portugal,2010,11.64,3.37,201.70500000000004
Portugal,2011,11.92,3.1,166.475
Portugal,2012,11.69,3.12,151.77399999999997
Portugal,2013,11.49,3.13,145.973
Portugal,2014,11.46,3.25,144.67700000000002
Portugal,2015,11.5,3.24,156.317
Portugal,2016,11.5,3.25,155.251
Portugal,2017,11.82,3.52,168.37
Portugal,2018,11.4,3.14,158.599
Portugal,2019,11.44,3.16,147.327
Portugal,2020,11.44,3.16,131.05
Romania,1990,29.87,18.12,516.284
Romania,1991,26.88,12.99,414.396
Romania,1992,24.31,13.31,384.357
Romania,1993,22.13,13.14,357.33700000000005
Romania,1994,21.98,11.69,346.159
Romania,1995,21.3,11.83,356.93300000000005
Romania,1996,21.6,11.86,359.87399999999997
Romania,1997,21.18,11.4,326.627
Romania,1998,20.31,10.41,297.91900000000004
Romania,1999,19.89,9.77,257.483
Romania,2000,19.43,10.57,276.736
Romania,2001,18.73,10.29,294.285
Romania,2002,18.61,9.33,294.576
Romania,2003,19.1,9.95,305.19199999999995
Romania,2004,19.19,11.09,305.278
Romania,2005,19.16,11.17,304.42600000000004
Romania,2006,19.1,10.15,314.12000000000006
Romania,2007,19.1,10.18,331.299
Romania,2008,19.05,9.27,332.31399999999996
Romania,2009,18.57,8.72,269.78700000000003
Romania,2010,18.21,9.24,266.256
Romania,2011,16.34,9.16,281.916
Romania,2012,16.89,8.42,275.174
Romania,2013,17.08,8.62,238.438
Romania,2014,17.18,8.35,239.88199999999998
Romania,2015,17.21,8.57,235.55799999999996
Romania,2016,17.08,8.66,234.20100000000005
Romania,2017,17.06,9.17,244.13000000000005
Romania,2018,16.81,9.76,248.944
Romania,2019,16.64,9.68,238.92100000000002
Romania,2020,16.46,9.16,228.91400000000002
Russia,1990,648.6,111.92,7114.906
Russia,1991,621.29,106.19,6891.7210000000005
Russia,1992,583.93,98.19,4709.548
Russia,1993,560.84,90.23,4846.938999999999
Russia,1994,537.56,76.87,4471.77
Russia,1995,515.86,71.7,4408.062999999999
Russia,1996,510.75,72.97,4427.466
Russia,1997,479.53,63.54,4142.503000000001
Russia,1998,481.78,62.08,3986.006
Russia,1999,479.74,58.09,3999.573999999999
Russia,2000,487.81,59.91,3954.522
Russia,2001,492.01,59.74,4143.754000000001
Russia,2002,503.34,60.4,4132.432
Russia,2003,536.56,62.43,4235.651000000001
Russia,2004,540.77,58.82,4272.938
Russia,2005,552.23,56.62,4323.713000000001
Russia,2006,550.47,57.93,4487.999000000001
Russia,2007,556.44,57.44,4561.0019999999995
Russia,2008,558.55,66.33,4639.883000000001
Russia,2009,541.4,61.3,4376.898000000001
Russia,2010,559.95,60.17,4627.5599999999995
Russia,2011,569.13,63.23,4796.515
Russia,2012,563.78,62.86,4873.907
Russia,2013,563.78,60.68,4713.468
Russia,2014,566.14,64.92,4675.168
Russia,2015,570.04,62.57,4599.951
Russia,2016,586.62,67.2,4634.504
Russia,2017,597.32,66.35,4732.531999999999
Russia,2018,621.42,68.62,4787.6630000000005
Russia,2019,623.8,70.42,4798.495
Russia,2020,618.82,70.97,4630.276
Slovakia,1990,7.57,3.98,196.059
Slovakia,1991,7.37,2.98,163.885
Slovakia,1992,6.96,2.73,153.82199999999997
Slovakia,1993,6.48,2.46,144.34000000000003
Slovakia,1994,6.08,2.81,132.36400000000003
Slovakia,1995,5.91,2.9,134.83100000000002
Slovakia,1996,5.96,3.13,136.31400000000002
Slovakia,1997,5.81,3.03,135.441
Slovakia,1998,5.74,2.82,136.148
Slovakia,1999,5.53,2.32,131.367
Slovakia,2000,5.21,2.57,128.526
Slovakia,2001,5.08,2.76,134.811
Slovakia,2002,5.1,2.76,129.72
Slovakia,2003,5.0,2.8,128.523
Slovakia,2004,4.99,2.98,131.67200000000003
Slovakia,2005,4.81,2.84,128.415
Slovakia,2006,4.63,3.17,130.262
Slovakia,2007,4.53,2.97,130.578
Slovakia,2008,4.67,2.88,134.62800000000001
Slovakia,2009,4.43,2.64,123.96299999999998
Slovakia,2010,4.53,2.47,127.99999999999999
Slovakia,2011,4.65,2.15,125.079
Slovakia,2012,4.15,2.03,115.182
Slovakia,2013,4.32,1.94,114.395
Slovakia,2014,4.08,2.02,106.92
Slovakia,2015,4.19,1.94,109.236
Slovakia,2016,4.27,2.05,110.5
Slovakia,2017,4.26,1.96,113.11
Slovakia,2018,4.26,2.03,114.32699999999997
Slovakia,2019,4.41,2.04,107.78800000000003
Slovakia,2020,4.41,2.03,99.329
Slovenia,1990,2.43,1.13,46.662
Slovenia,1991,2.39,1.02,43.547000000000004
Slovenia,1992,2.11,0.92,47.507999999999996
Slovenia,1993,2.14,0.89,46.809
Slovenia,1994,2.12,0.91,46.699
Slovenia,1995,2.13,0.86,49.538
Slovenia,1996,2.16,0.81,50.263000000000005
Slovenia,1997,2.12,0.87,51.83
Slovenia,1998,2.1,0.85,51.092000000000006
Slovenia,1999,2.02,0.83,48.952000000000005
Slovenia,2000,2.15,0.87,49.193
Slovenia,2001,2.25,0.88,52.737
Slovenia,2002,2.18,0.86,52.644
Slovenia,2003,2.22,0.87,51.472
Slovenia,2004,2.15,0.83,52.567
Slovenia,2005,2.16,0.83,52.853
Slovenia,2006,2.09,0.83,55.29
Slovenia,2007,2.07,0.84,57.547
Slovenia,2008,2.03,0.83,59.92399999999999
Slovenia,2009,1.92,0.81,51.78499999999999
Slovenia,2010,1.92,0.82,52.858999999999995
Slovenia,2011,1.9,0.84,54.11299999999999
Slovenia,2012,1.85,0.83,50.41199999999999
Slovenia,2013,1.81,0.8,48.32899999999999
Slovenia,2014,1.73,0.79,44.69699999999999
Slovenia,2015,1.77,0.81,44.87599999999999
Slovenia,2016,1.8,0.81,47.236000000000004
Slovenia,2017,1.79,0.81,49.062
Slovenia,2018,1.73,0.81,50.189
Slovenia,2019,1.72,0.82,48.659
Slovenia,2020,1.7,0.81,44.516000000000005
South America,1990,736.65,219.18,1802.6100000000001
South America,1991,761.74,221.5,1833.493
South America,1992,774.51,222.77,1879.6420000000003
South America,1993,783.04,224.72,1976.4239999999998
South America,1994,801.5,229.18,1986.4320000000002
South America,1995,832.62,232.62,2094.647
South America,1996,851.64,222.36,2179.3880000000004
South America,1997,879.66,228.14,2338.9230000000002
South America,1998,896.07,239.33,2518.3340000000003
South America,1999,890.78,239.94,2404.3949999999995
South America,2000,885.76,234.33,2375.734
South America,2001,901.22,245.44,2322.773
South America,2002,910.14,264.05,2324.833
South America,2003,924.56,273.14,2373.777
South America,2004,973.9,292.29,2478.251
South America,2005,993.96,289.11,2563.1839999999997
South America,2006,988.43,283.84,2649.1159999999995
South America,2007,1000.44,306.0,2788.9120000000007
South America,2008,997.02,286.41,2967.284
South America,2009,981.33,273.87,2880.314
South America,2010,1011.45,316.53,3223.7070000000003
South America,2011,994.75,295.94,3313.4730000000004
South America,2012,1015.34,299.01,3441.714
South America,2013,1015.11,297.01,3646.735
South America,2014,1021.01,305.04,3753.178
South America,2015,1022.7,305.4,3569.222
South America,2016,1012.53,308.17,3392.9759999999997
South America,2017,993.71,323.36,3364.7029999999995
South America,2018,952.4,311.04,3136.913
South America,2019,947.47,333.89,3144.601
South America,2020,922.06,348.01,2867.156
South Korea,1990,24.25,7.73,821.6160000000001
South Korea,1991,24.45,7.88,893.403
South Korea,1992,24.55,10.21,995.0149999999999
South Korea,1993,24.69,10.45,1064.103
South Korea,1994,24.98,10.95,1136.989
South Korea,1995,25.13,11.85,1218.961
South Korea,1996,25.76,12.45,1332.8199999999997
South Korea,1997,26.06,13.55,1387.8209999999997
South Korea,1998,24.41,13.3,1116.836
South Korea,1999,24.15,14.15,1257.234
South Korea,2000,24.35,15.02,1365.1840000000002
South Korea,2001,24.83,15.2,1396.4750000000001
South Korea,2002,24.63,14.94,1476.7339999999997
South Korea,2003,24.6,18.23,1512.8770000000002
South Korea,2004,23.6,20.85,1535.5610000000001
South Korea,2005,23.76,19.38,1578.711
South Korea,2006,23.76,18.02,1614.0720000000001
South Korea,2007,23.32,9.79,1676.094
South Korea,2008,23.3,8.97,1704.33
South Korea,2009,23.64,8.93,1650.39
South Korea,2010,23.8,9.26,1839.203
South Korea,2011,23.42,9.39,1921.2939999999999
South Korea,2012,23.41,9.54,1911.449
South Korea,2013,23.21,9.6,1925.8789999999997
South Korea,2014,22.95,9.61,1931.693
South Korea,2015,22.74,9.87,1935.998
South Korea,2016,22.4,10.01,1931.587
South Korea,2017,22.3,10.18,1999.0100000000002
South Korea,2018,22.26,10.31,2062.5460000000003
South Korea,2019,22.1,10.31,1999.806
South Korea,2020,21.99,10.1,1854.317
Spain,1990,34.1,22.25,725.914
Spain,1991,34.17,21.48,751.0910000000001
Spain,1992,34.63,19.91,789.656
Spain,1993,34.23,20.4,752.0989999999998
Spain,1994,34.65,21.01,780.216
Spain,1995,35.03,20.71,819.6820000000001
Spain,1996,35.85,22.81,779.1409999999998
Spain,1997,37.66,22.5,809.362
Spain,1998,38.02,23.78,840.9899999999999
Spain,1999,38.53,23.71,911.7070000000001
Spain,2000,39.22,23.85,955.397
Spain,2001,39.81,23.39,959.3570000000001
Spain,2002,40.18,23.03,1022.7559999999999
Spain,2003,40.17,24.04,1031.3139999999999
Spain,2004,39.86,23.31,1091.603
Spain,2005,39.6,21.96,1147.9129999999998
Spain,2006,39.35,22.32,1135.613
Spain,2007,40.04,22.87,1163.2400000000002
Spain,2008,38.47,20.59,1065.044
Spain,2009,40.17,20.26,938.547
Spain,2010,38.6,20.72,894.064
Spain,2011,38.45,19.67,888.5930000000001
Spain,2012,37.75,19.04,851.2149999999999
Spain,2013,37.19,19.59,779.5219999999999
Spain,2014,37.01,20.39,789.378
Spain,2015,38.59,20.52,823.2
Spain,2016,38.5,20.29,792.9380000000001
Spain,2017,38.9,20.72,840.786
Spain,2018,39.16,21.0,834.042
Spain,2019,39.35,20.53,783.079
Spain,2020,39.71,20.96,678.1879999999999
Sweden,1990,8.55,6.43,200.64100000000002
Sweden,1991,8.49,6.19,200.19
Sweden,1992,8.62,6.3,208.815
Sweden,1993,8.57,6.49,202.221
Sweden,1994,8.45,6.38,206.36099999999996
Sweden,1995,8.32,6.23,204.433
Sweden,1996,8.32,6.4,217.62399999999997
Sweden,1997,8.26,6.37,202.96399999999997
Sweden,1998,8.08,6.34,205.38100000000003
Sweden,1999,7.82,6.18,194.167
Sweden,2000,7.66,6.22,195.71800000000002
Sweden,2001,7.5,5.94,191.69999999999996
Sweden,2002,7.27,5.9,195.31800000000004
Sweden,2003,7.08,5.89,202.48399999999995
Sweden,2004,7.09,5.95,200.44499999999996
Sweden,2005,6.8,5.84,199.06199999999995
Sweden,2006,6.66,5.82,200.01300000000003
Sweden,2007,6.38,5.71,197.787
Sweden,2008,6.09,5.88,191.72799999999998
Sweden,2009,5.93,5.65,171.71900000000002
Sweden,2010,5.86,5.9,192.38400000000001
Sweden,2011,5.83,5.67,182.68
Sweden,2012,5.7,5.59,170.933
Sweden,2013,5.53,5.63,164.523
Sweden,2014,5.4,5.86,160.101
Sweden,2015,5.2,5.93,158.107
Sweden,2016,5.15,5.95,158.035
Sweden,2017,5.12,6.15,157.16800000000003
Sweden,2018,4.97,5.99,156.68800000000002
Sweden,2019,4.85,6.19,150.753
Sweden,2020,4.79,6.38,134.72
Switzerland,1990,6.44,2.9,174.20700000000002
Switzerland,1991,6.35,2.88,180.458
Switzerland,1992,6.27,2.85,187.656
Switzerland,1993,6.24,2.8,174.44699999999997
Switzerland,1994,6.2,2.8,171.917
Switzerland,1995,6.14,2.78,177.316
Switzerland,1996,6.14,2.76,196.416
Switzerland,1997,5.93,2.69,182.396
Switzerland,1998,5.87,2.68,206.118
Switzerland,1999,5.74,2.6,195.294
Switzerland,2000,5.68,2.6,176.667
Switzerland,2001,5.73,2.64,197.428
Switzerland,2002,5.69,2.53,184.52300000000002
Switzerland,2003,5.6,2.52,184.64199999999997
Switzerland,2004,5.52,2.54,189.72000000000006
Switzerland,2005,5.55,2.59,200.02700000000002
Switzerland,2006,5.56,2.6,208.238
Switzerland,2007,5.51,2.57,194.215
Switzerland,2008,5.59,2.64,196.00700000000003
Switzerland,2009,5.52,2.6,190.952
Switzerland,2010,5.53,2.6,190.97799999999998
Switzerland,2011,5.42,2.55,185.92700000000002
Switzerland,2012,5.4,2.5,234.25600000000003
Switzerland,2013,5.35,2.52,227.306
Switzerland,2014,5.28,2.5,216.22799999999995
Switzerland,2015,5.22,2.48,219.811
Switzerland,2016,5.21,2.49,239.917
Switzerland,2017,5.16,2.49,204.615
Switzerland,2018,5.13,2.46,198.749
Switzerland,2019,5.04,2.4,195.05699999999996
Switzerland,2020,4.98,2.4,175.49
Turkey,1990,38.21,26.8,518.605
Turkey,1991,37.04,25.61,529.886
Turkey,1992,37.74,26.57,577.624
Turkey,1993,37.58,27.58,573.5640000000001
Turkey,1994,37.03,24.77,545.391
Turkey,1995,36.97,25.13,586.534
Turkey,1996,36.9,25.69,609.9570000000001
Turkey,1997,37.65,25.77,648.9630000000001
Turkey,1998,37.22,27.06,651.163
Turkey,1999,38.16,27.0,646.7539999999999
Turkey,2000,38.78,26.52,715.0160000000002
Turkey,2001,37.97,23.95,632.3969999999999
Turkey,2002,37.34,24.31,667.6949999999999
Turkey,2003,37.02,24.8,721.184
Turkey,2004,37.08,24.97,769.16
Turkey,2005,38.45,25.38,835.082
Turkey,2006,39.8,26.9,893.633
Turkey,2007,42.27,25.68,992.111
Turkey,2008,42.84,23.83,973.21
Turkey,2009,42.41,26.78,959.328
Turkey,2010,42.38,26.26,986.7999999999998
Turkey,2011,44.0,26.15,1072.023
Turkey,2012,45.46,28.31,1110.726
Turkey,2013,44.42,30.78,1081.9869999999999
Turkey,2014,46.62,30.61,1127.545
Turkey,2015,42.51,31.02,1183.218
Turkey,2016,44.56,33.27,1231.878
Turkey,2017,44.98,32.87,1304.7150000000004
Turkey,2018,48.22,33.42,1271.213
Turkey,2019,49.36,34.98,1203.044
Turkey,2020,50.46,38.15,1224.6280000000002
Ukraine,1990,91.93,44.58,1915.137
Ukraine,1991,88.91,41.87,1723.0640000000003
Ukraine,1992,81.03,37.76,1619.4189999999999
Ukraine,1993,77.41,33.33,1393.9969999999998
Ukraine,1994,73.94,30.85,1113.2169999999999
Ukraine,1995,69.68,28.1,999.42
Ukraine,1996,65.68,24.61,991.6429999999999
Ukraine,1997,60.09,24.31,957.928
Ukraine,1998,53.81,21.71,901.807
Ukraine,1999,52.07,20.47,834.9889999999999
Ukraine,2000,49.72,20.28,793.2760000000001
Ukraine,2001,47.21,20.62,864.807
Ukraine,2002,47.49,21.56,842.938
Ukraine,2003,47.2,20.38,851.5639999999999
Ukraine,2004,44.74,19.85,847.629
Ukraine,2005,43.4,19.76,878.086
Ukraine,2006,41.84,20.01,932.3480000000002
Ukraine,2007,41.56,21.12,966.541
Ukraine,2008,39.74,22.81,951.082
Ukraine,2009,37.0,20.38,806.3710000000001
Ukraine,2010,38.07,21.54,837.128
Ukraine,2011,36.97,24.01,885.501
Ukraine,2012,36.6,23.39,881.7899999999998
Ukraine,2013,37.11,25.15,868.3210000000001
Ukraine,2014,35.73,25.0,737.652
Ukraine,2015,33.93,24.17,632.457
Ukraine,2016,33.59,25.5,647.826
Ukraine,2017,33.45,26.28,627.351
Ukraine,2018,33.7,26.9,674.6409999999998
Ukraine,2019,33.2,27.59,649.7510000000002
Ukraine,2020,32.47,28.56,602.715
United Kingdom,1990,111.25,59.04,1873.497
United Kingdom,1991,111.74,58.14,1895.589
United Kingdom,1992,112.05,52.91,1880.3599999999997
United Kingdom,1993,113.49,48.89,1816.5580000000002
United Kingdom,1994,115.63,49.47,1797.7939999999999
United Kingdom,1995,116.51,47.77,1776.6499999999999
United Kingdom,1996,117.55,48.63,1846.378
United Kingdom,1997,116.73,47.97,1797.547
United Kingdom,1998,116.0,47.73,1833.084
United Kingdom,1999,113.76,37.96,1805.462
United Kingdom,2000,109.9,36.94,1882.1760000000002
United Kingdom,2001,104.86,35.54,1882.487
United Kingdom,2002,102.72,33.51,1855.965
United Kingdom,2003,98.44,33.11,1891.784
United Kingdom,2004,93.27,34.01,1906.837
United Kingdom,2005,89.38,32.84,1890.8110000000004
United Kingdom,2006,84.85,31.78,1889.7179999999998
United Kingdom,2007,80.57,31.83,1871.451
United Kingdom,2008,75.04,31.64,1809.482
United Kingdom,2009,69.48,29.33,1616.9470000000001
United Kingdom,2010,64.55,29.85,1700.5949999999998
United Kingdom,2011,60.59,28.9,1551.858
United Kingdom,2012,58.3,28.5,1610.712
United Kingdom,2013,54.46,28.5,1573.6109999999999
United Kingdom,2014,52.0,29.3,1474.0659999999998
United Kingdom,2015,51.49,29.19,1433.562
United Kingdom,2016,53.07,28.93,1372.391
United Kingdom,2017,52.8,29.19,1321.0010000000002
United Kingdom,2018,52.23,28.96,1293.063
United Kingdom,2019,51.5,29.22,1243.335
United Kingdom,2020,50.42,27.7,1113.3310000000001
United States,1990,673.88,239.74,15289.944
United States,1991,675.93,238.78,15087.184000000001
United States,1992,679.03,243.25,15496.680999999999
United States,1993,671.94,246.39,15753.184999999998
United States,1994,684.61,253.52,16041.113999999998
United States,1995,682.64,255.78,16222.97
United States,1996,681.39,262.89,16766.36
United States,1997,671.83,256.15,17022.291000000005
United States,1998,660.22,253.39,17278.196
United States,1999,648.0,251.84,17597.981
United States,2000,644.08,250.7,18274.211
United States,2001,636.64,244.76,17992.368
United States,2002,630.0,246.4,18186.091000000004
United States,2003,630.12,255.03,18509.004999999994
United States,2004,628.78,253.0,18842.943
United States,2005,629.14,255.72,18988.43
United States,2006,630.36,263.82,18813.091999999997
United States,2007,636.64,268.0,18899.462999999996
United States,2008,645.0,250.3,18145.589
United States,2009,635.32,249.19,16740.902000000002
United States,2010,653.3,256.66,17325.244
United States,2011,659.04,264.28,16911.14
United States,2012,671.09,256.03,16340.386
United States,2013,674.34,258.22,16698.926
United States,2014,699.9,259.33,16894.183999999997
United States,2015,702.68,259.86,16543.227000000003
United States,2016,683.93,265.33,16166.590999999997
United States,2017,701.26,264.58,16055.471000000001
United States,2018,744.96,267.19,16553.746000000003
United States,2019,785.07,264.12,16209.975
United States,2020,750.83,260.82,14615.814
Upper-middle-income countries,1990,2787.78,809.97,21064.953999999998
Upper-middle-income countries,1991,2774.46,805.44,21132.481999999996
Upper-middle-income countries,1992,2705.23,795.35,19310.75
Upper-middle-income countries,1993,2717.09,781.5,20132.150000000005
Upper-middle-income countries,1994,2711.83,781.07,20121.862
Upper-middle-income countries,1995,2758.83,819.52,21023.102000000003
Upper-middle-income countries,1996,2781.37,838.58,21626.602999999996
Upper-middle-income countries,1997,2728.72,805.46,21609.09
Upper-middle-income countries,1998,2775.32,829.63,21194.494000000006
Upper-middle-income countries,1999,2753.04,834.45,21622.269
Upper-middle-income countries,2000,2793.9,826.92,22074.773
Upper-middle-income countries,2001,2798.42,839.4,22498.586000000003
Upper-middle-income countries,2002,2821.87,882.07,23611.852
Upper-middle-income countries,2003,2917.88,895.95,26065.604999999996
Upper-middle-income countries,2004,3039.22,920.85,27582.501
Upper-middle-income countries,2005,3127.82,934.98,29579.64
Upper-middle-income countries,2006,3165.84,945.68,31725.841999999993
Upper-middle-income countries,2007,3234.52,976.05,33422.737
Upper-middle-income countries,2008,3276.53,985.83,35327.020999999986
Upper-middle-income countries,2009,3240.06,983.46,36417.22099999999
Upper-middle-income countries,2010,3351.39,1032.82,39266.918999999994
Upper-middle-income countries,2011,3397.33,1043.69,42332.871999999996
Upper-middle-income countries,2012,3462.95,1055.15,43611.718
Upper-middle-income countries,2013,3473.59,1064.34,44303.062000000005
Upper-middle-income countries,2014,3496.02,1086.19,44660.895
Upper-middle-income countries,2015,3501.78,1094.25,44196.549
Upper-middle-income countries,2016,3473.25,1109.22,43918.184
Upper-middle-income countries,2017,3496.02,1130.35,44851.33200000001
Upper-middle-income countries,2018,3524.07,1108.37,45916.21
Upper-middle-income countries,2019,3554.75,1121.44,46947.43000000001
Upper-middle-income countries,2020,3493.3,1145.37,46604.988999999994
World,1990,6936.68,2368.32,68258.102
World,1991,6972.61,2354.73,69688.426
World,1992,6932.75,2348.68,67701.597
World,1993,6958.63,2332.57,68395.04900000001
World,1994,6996.12,2421.53,69104.32600000002
World,1995,7080.75,2475.69,70573.47200000001
World,1996,7097.47,2479.34,72750.488
World,1997,7328.28,2466.49,73187.85
World,1998,7204.1,2496.63,72992.83799999999
World,1999,7150.24,2483.51,74500.482
World,2000,7173.64,2475.74,76503.863
World,2001,7129.96,2506.68,77024.79000000001
World,2002,7270.7,2567.67,78744.86900000002
World,2003,7344.2,2608.23,82945.945
World,2004,7597.86,2689.61,85860.57900000001
World,2005,7655.39,2702.48,88776.309
World,2006,7840.96,2735.1,91817.30500000001
World,2007,7817.43,2803.84,94499.2
World,2008,7860.49,2769.83,96125.707
World,2009,7884.34,2770.11,94479.79999999999
World,2010,7986.74,2853.5,99918.98500000002
World,2011,8142.05,2915.9,103309.409
World,2012,8226.45,2936.0,104806.35900000001
World,2013,8203.1,2912.82,105697.401
World,2014,8358.29,2961.01,106398.58499999999
World,2015,8406.97,2995.08,106389.64899999996
World,2016,8290.55,3020.14,106380.08
World,2017,8377.51,3082.43,108076.35400000002
World,2018,8528.19,3066.1,110300.836
World,2019,8654.75,3099.48,111120.30599999998
World,2020,8428.66,3126.7,105023.214
